contrast_id,family_slug,contrast_kind,baseline_tag,variant_tag,endpoint,n_samples,mean_delta,median_delta,std_delta,effect_size_dz,positive_share,ci_low,ci_high,sign_flip_pvalue,policy_family
c1_bundle_strategy:v3_1_c1_gpt_4_1_bundle_5_random_l2__vs__v3_1_c2_gpt_4_1_bundle_5_cluster_l2_v2,c1_bundle_strategy,bundle_strategy,v3_1_c1_gpt_4_1_bundle_5_random_l2,v3_1_c2_gpt_4_1_bundle_5_cluster_l2_v2,abstain_rate,30,0.025,0.0,0.28879953672710956,0.08656523581484421,0.16666666666666666,-0.075,0.125,0.7946410717856429,c1_bundle_strategy
c1_bundle_strategy:v3_1_c1_gpt_4_1_bundle_5_random_l2__vs__v3_1_c2_gpt_4_1_bundle_5_cluster_l2_v2,c1_bundle_strategy,bundle_strategy,v3_1_c1_gpt_4_1_bundle_5_random_l2,v3_1_c2_gpt_4_1_bundle_5_cluster_l2_v2,closed_world_conflict,29,0.02420301724137932,0.0,0.7034586865792689,0.03440574081055436,0.41379310344827586,-0.2407324461206897,0.27279612068965486,0.9274145170965807,c1_bundle_strategy
c1_bundle_strategy:v3_1_c1_gpt_4_1_bundle_5_random_l2__vs__v3_1_c2_gpt_4_1_bundle_5_cluster_l2_v2,c1_bundle_strategy,bundle_strategy,v3_1_c1_gpt_4_1_bundle_5_random_l2,v3_1_c2_gpt_4_1_bundle_5_cluster_l2_v2,mean_expected_stage,29,0.0675287356321839,0.0,0.5788961548268777,0.11665086228181763,0.41379310344827586,-0.14231321839080463,0.2729885057471264,0.5572885422915417,c1_bundle_strategy
c1_bundle_strategy:v3_1_c1_gpt_4_1_bundle_5_random_l2__vs__v3_1_c2_gpt_4_1_bundle_5_cluster_l2_v2,c1_bundle_strategy,bundle_strategy,v3_1_c1_gpt_4_1_bundle_5_random_l2,v3_1_c2_gpt_4_1_bundle_5_cluster_l2_v2,mean_score_expert_agreement_prob,30,0.008333333333333344,5.551115123125783e-17,0.10225545540908583,0.08149524443458585,0.5,-0.02749999999999996,0.044166666666666646,0.6666666666666666,c1_bundle_strategy
c1_bundle_strategy:v3_1_c1_gpt_4_1_bundle_5_random_l2__vs__v3_1_c2_gpt_4_1_bundle_5_cluster_l2_v2,c1_bundle_strategy,bundle_strategy,v3_1_c1_gpt_4_1_bundle_5_random_l2,v3_1_c2_gpt_4_1_bundle_5_cluster_l2_v2,mean_subset_size,29,-0.1810344827586207,0.0,0.5656630492408087,-0.32003943514003935,0.27586206896551724,-0.38505747126436785,0.011566091954022594,0.10477904419116177,c1_bundle_strategy
c1_bundle_strategy:v3_1_c1_gpt_4_1_bundle_5_random_l2__vs__v3_1_c2_gpt_4_1_bundle_5_cluster_l2_v2,c1_bundle_strategy,bundle_strategy,v3_1_c1_gpt_4_1_bundle_5_random_l2,v3_1_c2_gpt_4_1_bundle_5_cluster_l2_v2,mid_scale_mass,30,0.06203703703703705,0.10416666666666674,0.3254318391546461,0.19062989410681752,0.6333333333333333,-0.05324074074074074,0.17223379629629626,0.30813837232553487,c1_bundle_strategy
c1_bundle_strategy:v3_1_c1_gpt_4_1_bundle_5_random_l2__vs__v3_1_c2_gpt_4_1_bundle_5_cluster_l2_v2,c1_bundle_strategy,bundle_strategy,v3_1_c1_gpt_4_1_bundle_5_random_l2,v3_1_c2_gpt_4_1_bundle_5_cluster_l2_v2,singleton_rate,29,0.15804597701149425,0.16666666666666669,0.39924583392423346,0.39586130544692744,0.5517241379310345,0.014367816091954018,0.3045977011494253,0.041991601679664065,c1_bundle_strategy
c1_bundle_strategy:v3_1_c1_gpt_4_1_bundle_5_random_l2__vs__v3_1_c2_gpt_4_1_bundle_5_cluster_l2_v2,c1_bundle_strategy,bundle_strategy,v3_1_c1_gpt_4_1_bundle_5_random_l2,v3_1_c2_gpt_4_1_bundle_5_cluster_l2_v2,stage_entropy,30,-0.05777429554315368,-0.07528847625086144,0.24974771683513233,-0.2313306254619041,0.3333333333333333,-0.14330458597800175,0.033670166993310484,0.20555888822235552,c1_bundle_strategy
c1_bundle_strategy:v3_1_c1_gpt_4_1_bundle_5_random_l2__vs__v3_1_c2_gpt_4_1_bundle_5_cluster_l2_v2,c1_bundle_strategy,bundle_strategy,v3_1_c1_gpt_4_1_bundle_5_random_l2,v3_1_c2_gpt_4_1_bundle_5_cluster_l2_v2,tbm_conflict,30,0.18711939371033337,0.048750000000000016,0.5992878834474988,0.3122362371718569,0.6,-0.024320707776175007,0.3975907836280415,0.09498100379924015,c1_bundle_strategy
c1_bundle_strategy:v3_1_c1_gpt_5_2_bundle_5_random_l2__vs__v3_1_c2_gpt_5_2_bundle_5_cluster_l2_v2,c1_bundle_strategy,bundle_strategy,v3_1_c1_gpt_5_2_bundle_5_random_l2,v3_1_c2_gpt_5_2_bundle_5_cluster_l2_v2,abstain_rate,30,0.11666666666666667,0.0,0.12685406585123124,0.9196919774214262,0.4666666666666667,0.075,0.16666666666666666,0.0003999200159968006,c1_bundle_strategy
c1_bundle_strategy:v3_1_c1_gpt_5_2_bundle_5_random_l2__vs__v3_1_c2_gpt_5_2_bundle_5_cluster_l2_v2,c1_bundle_strategy,bundle_strategy,v3_1_c1_gpt_5_2_bundle_5_random_l2,v3_1_c2_gpt_5_2_bundle_5_cluster_l2_v2,closed_world_conflict,30,0.14171049866666668,0.0,0.42963753416926065,0.32983733355763606,0.36666666666666664,-0.0174604164,0.29099783983333327,0.07738452309538092,c1_bundle_strategy
c1_bundle_strategy:v3_1_c1_gpt_5_2_bundle_5_random_l2__vs__v3_1_c2_gpt_5_2_bundle_5_cluster_l2_v2,c1_bundle_strategy,bundle_strategy,v3_1_c1_gpt_5_2_bundle_5_random_l2,v3_1_c2_gpt_5_2_bundle_5_cluster_l2_v2,mean_expected_stage,30,-0.026388888888888906,-0.04166666666666674,0.3303536602922006,-0.07988072196792889,0.36666666666666664,-0.13194444444444445,0.08756944444444403,0.6588682263547291,c1_bundle_strategy
c1_bundle_strategy:v3_1_c1_gpt_5_2_bundle_5_random_l2__vs__v3_1_c2_gpt_5_2_bundle_5_cluster_l2_v2,c1_bundle_strategy,bundle_strategy,v3_1_c1_gpt_5_2_bundle_5_random_l2,v3_1_c2_gpt_5_2_bundle_5_cluster_l2_v2,mean_score_expert_agreement_prob,30,0.01841666666666667,0.019999999999999962,0.09897858383241934,0.18606718699721886,0.6,-0.01658750000000001,0.05584374999999995,0.3149370125974805,c1_bundle_strategy
c1_bundle_strategy:v3_1_c1_gpt_5_2_bundle_5_random_l2__vs__v3_1_c2_gpt_5_2_bundle_5_cluster_l2_v2,c1_bundle_strategy,bundle_strategy,v3_1_c1_gpt_5_2_bundle_5_random_l2,v3_1_c2_gpt_5_2_bundle_5_cluster_l2_v2,mean_subset_size,30,-0.011111111111111124,0.0,0.4150735828532465,-0.026769015350802436,0.4666666666666667,-0.15833333333333335,0.13055555555555554,0.8698260347930414,c1_bundle_strategy
c1_bundle_strategy:v3_1_c1_gpt_5_2_bundle_5_random_l2__vs__v3_1_c2_gpt_5_2_bundle_5_cluster_l2_v2,c1_bundle_strategy,bundle_strategy,v3_1_c1_gpt_5_2_bundle_5_random_l2,v3_1_c2_gpt_5_2_bundle_5_cluster_l2_v2,mid_scale_mass,30,-0.06296296296296297,0.0,0.2428394861532866,-0.25927810983432537,0.3,-0.14907407407407408,0.02083333333333332,0.15876824635072986,c1_bundle_strategy
c1_bundle_strategy:v3_1_c1_gpt_5_2_bundle_5_random_l2__vs__v3_1_c2_gpt_5_2_bundle_5_cluster_l2_v2,c1_bundle_strategy,bundle_strategy,v3_1_c1_gpt_5_2_bundle_5_random_l2,v3_1_c2_gpt_5_2_bundle_5_cluster_l2_v2,singleton_rate,30,0.024999999999999977,0.0,0.3878852676280859,0.06445204828962621,0.4,-0.1027777777777778,0.1694444444444444,0.7468506298740252,c1_bundle_strategy
c1_bundle_strategy:v3_1_c1_gpt_5_2_bundle_5_random_l2__vs__v3_1_c2_gpt_5_2_bundle_5_cluster_l2_v2,c1_bundle_strategy,bundle_strategy,v3_1_c1_gpt_5_2_bundle_5_random_l2,v3_1_c2_gpt_5_2_bundle_5_cluster_l2_v2,stage_entropy,30,0.04786351192600746,0.06105072326467548,0.38450281974745343,0.12448156285939556,0.5333333333333333,-0.0833856625899234,0.18127108969212394,0.49350129974005197,c1_bundle_strategy
c1_bundle_strategy:v3_1_c1_gpt_5_2_bundle_5_random_l2__vs__v3_1_c2_gpt_5_2_bundle_5_cluster_l2_v2,c1_bundle_strategy,bundle_strategy,v3_1_c1_gpt_5_2_bundle_5_random_l2,v3_1_c2_gpt_5_2_bundle_5_cluster_l2_v2,tbm_conflict,30,0.4351970719719213,0.3376169766890905,0.40129175130261496,1.0844904500509862,0.7666666666666667,0.2986309734205925,0.5763572610990152,0.0001999600079984003,c1_bundle_strategy
c2_l3_projection:v3_1_c2_gpt_4_1_bundle_5_cluster_l2_v2__vs__v3_1_c3_gpt_4_1_bundle_5_cluster_l3_v2,c2_l3_projection,evidence_projection,v3_1_c2_gpt_4_1_bundle_5_cluster_l2_v2,v3_1_c3_gpt_4_1_bundle_5_cluster_l3_v2,abstain_rate,30,0.016666666666666666,0.0,0.3074739499291891,0.0542051340300698,0.2,-0.09187499999999998,0.13333333333333333,0.8902219556088782,c2_l3_projection
c2_l3_projection:v3_1_c2_gpt_4_1_bundle_5_cluster_l2_v2__vs__v3_1_c3_gpt_4_1_bundle_5_cluster_l3_v2,c2_l3_projection,evidence_projection,v3_1_c2_gpt_4_1_bundle_5_cluster_l2_v2,v3_1_c3_gpt_4_1_bundle_5_cluster_l3_v2,closed_world_conflict,29,-0.20318146551724142,-0.0050000000000000044,0.765864509801178,-0.2652968807367615,0.3103448275862069,-0.49613362068965505,0.06879546336206847,0.14537092581483704,c2_l3_projection
c2_l3_projection:v3_1_c2_gpt_4_1_bundle_5_cluster_l2_v2__vs__v3_1_c3_gpt_4_1_bundle_5_cluster_l3_v2,c2_l3_projection,evidence_projection,v3_1_c2_gpt_4_1_bundle_5_cluster_l2_v2,v3_1_c3_gpt_4_1_bundle_5_cluster_l3_v2,mean_expected_stage,29,-0.06896551724137931,-0.125,0.7446299035177929,-0.09261717386794605,0.3448275862068966,-0.3132183908045977,0.19683908045977014,0.6510697860427914,c2_l3_projection
c2_l3_projection:v3_1_c2_gpt_4_1_bundle_5_cluster_l2_v2__vs__v3_1_c3_gpt_4_1_bundle_5_cluster_l3_v2,c2_l3_projection,evidence_projection,v3_1_c2_gpt_4_1_bundle_5_cluster_l2_v2,v3_1_c3_gpt_4_1_bundle_5_cluster_l3_v2,mean_score_expert_agreement_prob,30,0.00933333333333333,-5.551115123125783e-17,0.06914793403717276,0.134976315103151,0.4,-0.012916666666666677,0.03391666666666667,0.4777044591081784,c2_l3_projection
c2_l3_projection:v3_1_c2_gpt_4_1_bundle_5_cluster_l2_v2__vs__v3_1_c3_gpt_4_1_bundle_5_cluster_l3_v2,c2_l3_projection,evidence_projection,v3_1_c2_gpt_4_1_bundle_5_cluster_l2_v2,v3_1_c3_gpt_4_1_bundle_5_cluster_l3_v2,mean_subset_size,29,0.05747126436781612,0.0,0.6346881843918931,0.09055039274581807,0.4482758620689655,-0.1724137931034483,0.2873563218390805,0.6160767846430714,c2_l3_projection
c2_l3_projection:v3_1_c2_gpt_4_1_bundle_5_cluster_l2_v2__vs__v3_1_c3_gpt_4_1_bundle_5_cluster_l3_v2,c2_l3_projection,evidence_projection,v3_1_c2_gpt_4_1_bundle_5_cluster_l2_v2,v3_1_c3_gpt_4_1_bundle_5_cluster_l3_v2,mid_scale_mass,30,-0.025925925925925925,-0.04166666666666663,0.3011201357787627,-0.08609828053801782,0.36666666666666664,-0.1347337962962963,0.07964120370370363,0.6354729054189162,c2_l3_projection
c2_l3_projection:v3_1_c2_gpt_4_1_bundle_5_cluster_l2_v2__vs__v3_1_c3_gpt_4_1_bundle_5_cluster_l3_v2,c2_l3_projection,evidence_projection,v3_1_c2_gpt_4_1_bundle_5_cluster_l2_v2,v3_1_c3_gpt_4_1_bundle_5_cluster_l3_v2,singleton_rate,29,-0.07758620689655174,0.0,0.4954810846034196,-0.1565876262635764,0.3793103448275862,-0.26436781609195403,0.09482758620689655,0.3843231353729254,c2_l3_projection
c2_l3_projection:v3_1_c2_gpt_4_1_bundle_5_cluster_l2_v2__vs__v3_1_c3_gpt_4_1_bundle_5_cluster_l3_v2,c2_l3_projection,evidence_projection,v3_1_c2_gpt_4_1_bundle_5_cluster_l2_v2,v3_1_c3_gpt_4_1_bundle_5_cluster_l3_v2,stage_entropy,30,-0.039822285183739044,-0.0022759097279367313,0.37941225811106405,-0.10495782445722142,0.43333333333333335,-0.17752441194320556,0.09091773741833753,0.5590881823635273,c2_l3_projection
c2_l3_projection:v3_1_c2_gpt_4_1_bundle_5_cluster_l2_v2__vs__v3_1_c3_gpt_4_1_bundle_5_cluster_l3_v2,c2_l3_projection,evidence_projection,v3_1_c2_gpt_4_1_bundle_5_cluster_l2_v2,v3_1_c3_gpt_4_1_bundle_5_cluster_l3_v2,tbm_conflict,30,-0.1953807482916667,-0.026250000000000107,0.6999832065267628,-0.27912205102908655,0.3333333333333333,-0.4362659590666666,0.04461610950937461,0.1365726854629074,c2_l3_projection
c2_l3_projection:v3_1_c2_gpt_5_2_bundle_5_cluster_l2_v2__vs__v3_1_c3_gpt_5_2_bundle_5_cluster_l3_v2,c2_l3_projection,evidence_projection,v3_1_c2_gpt_5_2_bundle_5_cluster_l2_v2,v3_1_c3_gpt_5_2_bundle_5_cluster_l3_v2,abstain_rate,30,0.025,0.0,0.20075289322430956,0.12453120649208509,0.3,-0.041666666666666664,0.09187499999999886,0.6502699460107978,c2_l3_projection
c2_l3_projection:v3_1_c2_gpt_5_2_bundle_5_cluster_l2_v2__vs__v3_1_c3_gpt_5_2_bundle_5_cluster_l3_v2,c2_l3_projection,evidence_projection,v3_1_c2_gpt_5_2_bundle_5_cluster_l2_v2,v3_1_c3_gpt_5_2_bundle_5_cluster_l3_v2,closed_world_conflict,30,-0.002391953333333341,0.0,0.4395614006666102,-0.005441681935005804,0.36666666666666664,-0.1598400993,0.14479637616666655,0.9772045590881824,c2_l3_projection
c2_l3_projection:v3_1_c2_gpt_5_2_bundle_5_cluster_l2_v2__vs__v3_1_c3_gpt_5_2_bundle_5_cluster_l3_v2,c2_l3_projection,evidence_projection,v3_1_c2_gpt_5_2_bundle_5_cluster_l2_v2,v3_1_c3_gpt_5_2_bundle_5_cluster_l3_v2,mean_expected_stage,30,0.06805555555555556,0.0,0.4195993535466984,0.16219175501656596,0.43333333333333335,-0.07232638888888888,0.20975694444444432,0.3795240951809638,c2_l3_projection
c2_l3_projection:v3_1_c2_gpt_5_2_bundle_5_cluster_l2_v2__vs__v3_1_c3_gpt_5_2_bundle_5_cluster_l3_v2,c2_l3_projection,evidence_projection,v3_1_c2_gpt_5_2_bundle_5_cluster_l2_v2,v3_1_c3_gpt_5_2_bundle_5_cluster_l3_v2,mean_score_expert_agreement_prob,30,-0.02650000000000001,-0.020000000000000018,0.10035626193887869,-0.26405925736990543,0.4,-0.061337500000000024,0.008666666666666675,0.15256948610277946,c2_l3_projection
c2_l3_projection:v3_1_c2_gpt_5_2_bundle_5_cluster_l2_v2__vs__v3_1_c3_gpt_5_2_bundle_5_cluster_l3_v2,c2_l3_projection,evidence_projection,v3_1_c2_gpt_5_2_bundle_5_cluster_l2_v2,v3_1_c3_gpt_5_2_bundle_5_cluster_l3_v2,mean_subset_size,30,0.02222222222222224,0.0,0.3751968406329471,0.05922816989805656,0.4,-0.10555555555555557,0.15006944444444412,0.7306538692261547,c2_l3_projection
c2_l3_projection:v3_1_c2_gpt_5_2_bundle_5_cluster_l2_v2__vs__v3_1_c3_gpt_5_2_bundle_5_cluster_l3_v2,c2_l3_projection,evidence_projection,v3_1_c2_gpt_5_2_bundle_5_cluster_l2_v2,v3_1_c3_gpt_5_2_bundle_5_cluster_l3_v2,mid_scale_mass,30,0.02962962962962962,0.0,0.24812336659773723,0.11941491055804426,0.3333333333333333,-0.05834490740740742,0.1175925925925926,0.51749650069986,c2_l3_projection
c2_l3_projection:v3_1_c2_gpt_5_2_bundle_5_cluster_l2_v2__vs__v3_1_c3_gpt_5_2_bundle_5_cluster_l3_v2,c2_l3_projection,evidence_projection,v3_1_c2_gpt_5_2_bundle_5_cluster_l2_v2,v3_1_c3_gpt_5_2_bundle_5_cluster_l3_v2,singleton_rate,30,-0.04444444444444444,0.0,0.35472544380874754,-0.1252925191022016,0.43333333333333335,-0.16944444444444445,0.08055555555555556,0.5166966606678665,c2_l3_projection
c2_l3_projection:v3_1_c2_gpt_5_2_bundle_5_cluster_l2_v2__vs__v3_1_c3_gpt_5_2_bundle_5_cluster_l3_v2,c2_l3_projection,evidence_projection,v3_1_c2_gpt_5_2_bundle_5_cluster_l2_v2,v3_1_c3_gpt_5_2_bundle_5_cluster_l3_v2,stage_entropy,30,0.04852126422783733,0.06692842031488411,0.3710357167649442,0.13077248910399686,0.5,-0.0731952324384964,0.180850684743737,0.4875024995001,c2_l3_projection
c2_l3_projection:v3_1_c2_gpt_5_2_bundle_5_cluster_l2_v2__vs__v3_1_c3_gpt_5_2_bundle_5_cluster_l3_v2,c2_l3_projection,evidence_projection,v3_1_c2_gpt_5_2_bundle_5_cluster_l2_v2,v3_1_c3_gpt_5_2_bundle_5_cluster_l3_v2,tbm_conflict,30,-8.458549643216202e-05,0.019554388047433924,0.538159240415877,-0.00015717559056831638,0.5333333333333333,-0.18976123876339038,0.20107317739656128,0.9992001599680064,c2_l3_projection
c4_small_model_scale:v3_b1_gpt_4_1_mini_abstain_true__vs__v3_1_c4_gpt_4_1_mini_scale_5,c4_small_model_scale,scale_size,v3_b1_gpt_4_1_mini_abstain_true,v3_1_c4_gpt_4_1_mini_scale_5,abstain_rate,30,-0.32500000000000007,-0.35,0.20625979600561004,-1.575682737469402,0.03333333333333333,-0.3966666666666666,-0.2516666666666667,0.0001999600079984003,c4_small_model_scale
c4_small_model_scale:v3_b1_gpt_4_1_mini_abstain_true__vs__v3_1_c4_gpt_4_1_mini_scale_5,c4_small_model_scale,scale_size,v3_b1_gpt_4_1_mini_abstain_true,v3_1_c4_gpt_4_1_mini_scale_5,closed_world_conflict,30,0.034600000000000006,0.0,0.31898366080736634,0.1084695056556357,0.26666666666666666,-0.06646666666666666,0.1390170833333296,0.4349130173965207,c4_small_model_scale
c4_small_model_scale:v3_b1_gpt_4_1_mini_abstain_true__vs__v3_1_c4_gpt_4_1_mini_scale_5,c4_small_model_scale,scale_size,v3_b1_gpt_4_1_mini_abstain_true,v3_1_c4_gpt_4_1_mini_scale_5,mean_expected_stage,30,0.0442316730397226,-0.026388888888888906,0.46662440298814223,0.09479074123958023,0.4666666666666667,-0.12385970077465822,0.20664930474653725,0.5972805438912218,c4_small_model_scale
c4_small_model_scale:v3_b1_gpt_4_1_mini_abstain_true__vs__v3_1_c4_gpt_4_1_mini_scale_5,c4_small_model_scale,scale_size,v3_b1_gpt_4_1_mini_abstain_true,v3_1_c4_gpt_4_1_mini_scale_5,mean_score_expert_agreement_prob,30,0.00975,0.008750000000000147,0.04785642139739988,0.203734414636564,0.5666666666666667,-0.006506249999999997,0.02650208333333334,0.266746650669866,c4_small_model_scale
c4_small_model_scale:v3_b1_gpt_4_1_mini_abstain_true__vs__v3_1_c4_gpt_4_1_mini_scale_5,c4_small_model_scale,scale_size,v3_b1_gpt_4_1_mini_abstain_true,v3_1_c4_gpt_4_1_mini_scale_5,mean_subset_size,30,0.037452641527718926,0.0819143446852425,0.15426853055399486,0.2427756418838143,0.6,-0.016215914657381373,0.0938203942278052,0.1939612077584483,c4_small_model_scale
c4_small_model_scale:v3_b1_gpt_4_1_mini_abstain_true__vs__v3_1_c4_gpt_4_1_mini_scale_5,c4_small_model_scale,scale_size,v3_b1_gpt_4_1_mini_abstain_true,v3_1_c4_gpt_4_1_mini_scale_5,mid_scale_mass,30,-0.1382954671460863,-0.11388888888888893,0.30623555152762105,-0.4515983413950965,0.3333333333333333,-0.25121931720562724,-0.03300526156205338,0.02519496100779844,c4_small_model_scale
c4_small_model_scale:v3_b1_gpt_4_1_mini_abstain_true__vs__v3_1_c4_gpt_4_1_mini_scale_5,c4_small_model_scale,scale_size,v3_b1_gpt_4_1_mini_abstain_true,v3_1_c4_gpt_4_1_mini_scale_5,singleton_rate,30,-0.030610536264561037,-0.050000000000000044,0.14909703906620977,-0.2053061312033686,0.36666666666666664,-0.07997653323127393,0.022260871850171254,0.2695460907818436,c4_small_model_scale
c4_small_model_scale:v3_b1_gpt_4_1_mini_abstain_true__vs__v3_1_c4_gpt_4_1_mini_scale_5,c4_small_model_scale,scale_size,v3_b1_gpt_4_1_mini_abstain_true,v3_1_c4_gpt_4_1_mini_scale_5,stage_entropy,30,0.018502445008788164,0.03898785834536134,0.18066835348509944,0.10241110106930901,0.6,-0.04160166275724941,0.08052233858140284,0.5766846630673865,c4_small_model_scale
c4_small_model_scale:v3_b1_gpt_4_1_mini_abstain_true__vs__v3_1_c4_gpt_4_1_mini_scale_5,c4_small_model_scale,scale_size,v3_b1_gpt_4_1_mini_abstain_true,v3_1_c4_gpt_4_1_mini_scale_5,tbm_conflict,30,-0.0355523700391175,-7.250387679125225e-08,0.18227482655256147,-0.19504816277449855,0.13333333333333333,-0.10305117927908715,-0.0007755301571234313,0.004199160167966407,c4_small_model_scale
c4_small_model_scale:v3_b1_gpt_5_2_chat_abstain_true__vs__v3_1_c4_gpt_5_2_chat_scale_5,c4_small_model_scale,scale_size,v3_b1_gpt_5_2_chat_abstain_true,v3_1_c4_gpt_5_2_chat_scale_5,abstain_rate,30,-0.195,-0.225,0.19491377403956045,-1.0004423800260624,0.1,-0.26166666666666666,-0.12333333333333334,0.0001999600079984003,c4_small_model_scale
c4_small_model_scale:v3_b1_gpt_5_2_chat_abstain_true__vs__v3_1_c4_gpt_5_2_chat_scale_5,c4_small_model_scale,scale_size,v3_b1_gpt_5_2_chat_abstain_true,v3_1_c4_gpt_5_2_chat_scale_5,closed_world_conflict,30,0.046283475893894685,0.013931846861210295,0.2099277259088441,0.22047338289174884,0.9333333333333333,-0.021080023346941396,0.12619341578912113,0.3077384523095381,c4_small_model_scale
c4_small_model_scale:v3_b1_gpt_5_2_chat_abstain_true__vs__v3_1_c4_gpt_5_2_chat_scale_5,c4_small_model_scale,scale_size,v3_b1_gpt_5_2_chat_abstain_true,v3_1_c4_gpt_5_2_chat_scale_5,mean_expected_stage,30,-0.0664575755771576,-0.1428571428571428,0.49304284351419264,-0.13479067073254167,0.4666666666666667,-0.24120231390950236,0.10839068957286827,0.4491101779644071,c4_small_model_scale
c4_small_model_scale:v3_b1_gpt_5_2_chat_abstain_true__vs__v3_1_c4_gpt_5_2_chat_scale_5,c4_small_model_scale,scale_size,v3_b1_gpt_5_2_chat_abstain_true,v3_1_c4_gpt_5_2_chat_scale_5,mean_score_expert_agreement_prob,30,-0.025366666666666652,-0.048750000000000016,0.10039430308515535,-0.2526703795647689,0.3333333333333333,-0.06135166666666668,0.009987916666666664,0.16516696660667868,c4_small_model_scale
c4_small_model_scale:v3_b1_gpt_5_2_chat_abstain_true__vs__v3_1_c4_gpt_5_2_chat_scale_5,c4_small_model_scale,scale_size,v3_b1_gpt_5_2_chat_abstain_true,v3_1_c4_gpt_5_2_chat_scale_5,mean_subset_size,30,-0.079027700742097,-0.03436797121007651,0.29160504479872024,-0.27100937432905425,0.4,-0.18298116353747157,0.02094787084618739,0.15276944611077783,c4_small_model_scale
c4_small_model_scale:v3_b1_gpt_5_2_chat_abstain_true__vs__v3_1_c4_gpt_5_2_chat_scale_5,c4_small_model_scale,scale_size,v3_b1_gpt_5_2_chat_abstain_true,v3_1_c4_gpt_5_2_chat_scale_5,mid_scale_mass,30,-0.15187120277097058,-0.13940467427309539,0.20284806345643175,-0.7486943685000468,0.3,-0.22761270468294462,-0.08154515619685912,0.0003999200159968006,c4_small_model_scale
c4_small_model_scale:v3_b1_gpt_5_2_chat_abstain_true__vs__v3_1_c4_gpt_5_2_chat_scale_5,c4_small_model_scale,scale_size,v3_b1_gpt_5_2_chat_abstain_true,v3_1_c4_gpt_5_2_chat_scale_5,singleton_rate,30,0.08418292950026697,0.04007936507936505,0.2813381114204296,0.29922334046831156,0.6333333333333333,-0.014417934769908446,0.1891504922844897,0.11597680463907219,c4_small_model_scale
c4_small_model_scale:v3_b1_gpt_5_2_chat_abstain_true__vs__v3_1_c4_gpt_5_2_chat_scale_5,c4_small_model_scale,scale_size,v3_b1_gpt_5_2_chat_abstain_true,v3_1_c4_gpt_5_2_chat_scale_5,stage_entropy,30,0.0752365329322811,0.043754032207298454,0.17000500776334607,0.4425548042503161,0.6333333333333333,0.017441721959057396,0.13301743744242833,0.01899620075984803,c4_small_model_scale
c4_small_model_scale:v3_b1_gpt_5_2_chat_abstain_true__vs__v3_1_c4_gpt_5_2_chat_scale_5,c4_small_model_scale,scale_size,v3_b1_gpt_5_2_chat_abstain_true,v3_1_c4_gpt_5_2_chat_scale_5,tbm_conflict,30,-0.0031930623838570854,-2.203963694769051e-06,0.006955539611570374,-0.45906752921735966,0.2,-0.005943884588314707,-0.001022729145750905,0.003999200159968006,c4_small_model_scale
c6_scale_probe:v3_1_c2_gpt_4_1_bundle_5_cluster_l2_v2__vs__v3_1_c6_gpt_4_1_bundle_5_cluster_l2_scale_7,c6_scale_probe,scale_probe,v3_1_c2_gpt_4_1_bundle_5_cluster_l2_v2,v3_1_c6_gpt_4_1_bundle_5_cluster_l2_scale_7,abstain_rate,30,-0.06666666666666667,0.0,0.20692049669866683,-0.3221849344569846,0.03333333333333333,-0.15,0.0,0.15676864627074585,c6_scale_probe
c6_scale_probe:v3_1_c2_gpt_4_1_bundle_5_cluster_l2_v2__vs__v3_1_c6_gpt_4_1_bundle_5_cluster_l2_scale_7,c6_scale_probe,scale_probe,v3_1_c2_gpt_4_1_bundle_5_cluster_l2_v2,v3_1_c6_gpt_4_1_bundle_5_cluster_l2_scale_7,closed_world_conflict,30,-0.33182541666666665,-0.04999999999999999,0.62108721670915,-0.5342654102991428,0.1,-0.5374210520833332,-0.10866250000000002,0.007398520295940812,c6_scale_probe
c6_scale_probe:v3_1_c2_gpt_4_1_bundle_5_cluster_l2_v2__vs__v3_1_c6_gpt_4_1_bundle_5_cluster_l2_scale_7,c6_scale_probe,scale_probe,v3_1_c2_gpt_4_1_bundle_5_cluster_l2_v2,v3_1_c6_gpt_4_1_bundle_5_cluster_l2_scale_7,mean_expected_stage,30,1.326388888888889,1.375,0.5300007379690759,2.502617060443188,0.9666666666666667,1.1429861111111113,1.5014930555555552,0.0001999600079984003,c6_scale_probe
c6_scale_probe:v3_1_c2_gpt_4_1_bundle_5_cluster_l2_v2__vs__v3_1_c6_gpt_4_1_bundle_5_cluster_l2_scale_7,c6_scale_probe,scale_probe,v3_1_c2_gpt_4_1_bundle_5_cluster_l2_v2,v3_1_c6_gpt_4_1_bundle_5_cluster_l2_scale_7,mean_score_expert_agreement_prob,30,0.004583333333333325,0.0,0.07750718357511854,0.059134303711232676,0.36666666666666664,-0.02416666666666667,0.03126041666666662,0.7686462707458508,c6_scale_probe
c6_scale_probe:v3_1_c2_gpt_4_1_bundle_5_cluster_l2_v2__vs__v3_1_c6_gpt_4_1_bundle_5_cluster_l2_scale_7,c6_scale_probe,scale_probe,v3_1_c2_gpt_4_1_bundle_5_cluster_l2_v2,v3_1_c6_gpt_4_1_bundle_5_cluster_l2_scale_7,mean_subset_size,30,0.5111111111111112,0.5,0.5964186432000406,0.856967026330334,0.8333333333333334,0.30833333333333335,0.7277777777777779,0.0003999200159968006,c6_scale_probe
c6_scale_probe:v3_1_c2_gpt_4_1_bundle_5_cluster_l2_v2__vs__v3_1_c6_gpt_4_1_bundle_5_cluster_l2_scale_7,c6_scale_probe,scale_probe,v3_1_c2_gpt_4_1_bundle_5_cluster_l2_v2,v3_1_c6_gpt_4_1_bundle_5_cluster_l2_scale_7,mid_scale_mass,30,0.15157407407407408,0.11805555555555547,0.20911625981204957,0.7248316042487872,0.6666666666666666,0.08610416666666665,0.22843055555555553,0.0001999600079984003,c6_scale_probe
c6_scale_probe:v3_1_c2_gpt_4_1_bundle_5_cluster_l2_v2__vs__v3_1_c6_gpt_4_1_bundle_5_cluster_l2_scale_7,c6_scale_probe,scale_probe,v3_1_c2_gpt_4_1_bundle_5_cluster_l2_v2,v3_1_c6_gpt_4_1_bundle_5_cluster_l2_scale_7,singleton_rate,30,-0.30277777777777776,-0.25,0.426315483466373,-0.7102199885303024,0.1,-0.44722222222222224,-0.15277777777777776,0.0003999200159968006,c6_scale_probe
c6_scale_probe:v3_1_c2_gpt_4_1_bundle_5_cluster_l2_v2__vs__v3_1_c6_gpt_4_1_bundle_5_cluster_l2_scale_7,c6_scale_probe,scale_probe,v3_1_c2_gpt_4_1_bundle_5_cluster_l2_v2,v3_1_c6_gpt_4_1_bundle_5_cluster_l2_scale_7,stage_entropy,30,-0.041144672123575844,-0.055933395965032495,0.2473943984941535,-0.16631206031347628,0.4,-0.12632856488934316,0.04865869146598393,0.3729254149170166,c6_scale_probe
c6_scale_probe:v3_1_c2_gpt_4_1_bundle_5_cluster_l2_v2__vs__v3_1_c6_gpt_4_1_bundle_5_cluster_l2_scale_7,c6_scale_probe,scale_probe,v3_1_c2_gpt_4_1_bundle_5_cluster_l2_v2,v3_1_c6_gpt_4_1_bundle_5_cluster_l2_scale_7,tbm_conflict,30,-0.4828038896249999,-0.6519011000000001,0.5516176181496832,-0.8752510321270948,0.06666666666666667,-0.6654868309354167,-0.2839117912916666,0.0001999600079984003,c6_scale_probe
c6_scale_probe:v3_1_c2_gpt_5_2_bundle_5_cluster_l2_v2__vs__v3_1_c6_gpt_5_2_bundle_5_cluster_l2_scale_7,c6_scale_probe,scale_probe,v3_1_c2_gpt_5_2_bundle_5_cluster_l2_v2,v3_1_c6_gpt_5_2_bundle_5_cluster_l2_scale_7,abstain_rate,30,-0.075,0.0,0.1489908583171094,-0.5033865892655734,0.06666666666666667,-0.125,-0.016666666666666666,0.022195560887822437,c6_scale_probe
c6_scale_probe:v3_1_c2_gpt_5_2_bundle_5_cluster_l2_v2__vs__v3_1_c6_gpt_5_2_bundle_5_cluster_l2_scale_7,c6_scale_probe,scale_probe,v3_1_c2_gpt_5_2_bundle_5_cluster_l2_v2,v3_1_c6_gpt_5_2_bundle_5_cluster_l2_scale_7,closed_world_conflict,30,-0.2046658386666667,0.0,0.3945759895602583,-0.5186981572162055,0.06666666666666667,-0.3339920959333333,-0.07199962926666667,0.009598080383923215,c6_scale_probe
c6_scale_probe:v3_1_c2_gpt_5_2_bundle_5_cluster_l2_v2__vs__v3_1_c6_gpt_5_2_bundle_5_cluster_l2_scale_7,c6_scale_probe,scale_probe,v3_1_c2_gpt_5_2_bundle_5_cluster_l2_v2,v3_1_c6_gpt_5_2_bundle_5_cluster_l2_scale_7,mean_expected_stage,30,1.5958333333333334,1.625,0.4106097115863703,3.8864968078029873,1.0,1.4569444444444444,1.7388888888888885,0.0001999600079984003,c6_scale_probe
c6_scale_probe:v3_1_c2_gpt_5_2_bundle_5_cluster_l2_v2__vs__v3_1_c6_gpt_5_2_bundle_5_cluster_l2_scale_7,c6_scale_probe,scale_probe,v3_1_c2_gpt_5_2_bundle_5_cluster_l2_v2,v3_1_c6_gpt_5_2_bundle_5_cluster_l2_scale_7,mean_score_expert_agreement_prob,30,0.02874999999999999,0.02249999999999991,0.08389944206793243,0.34267212381128165,0.6333333333333333,-0.001916666666666674,0.0595,0.07018596280743851,c6_scale_probe
c6_scale_probe:v3_1_c2_gpt_5_2_bundle_5_cluster_l2_v2__vs__v3_1_c6_gpt_5_2_bundle_5_cluster_l2_scale_7,c6_scale_probe,scale_probe,v3_1_c2_gpt_5_2_bundle_5_cluster_l2_v2,v3_1_c6_gpt_5_2_bundle_5_cluster_l2_scale_7,mean_subset_size,30,0.24722222222222223,0.25,0.5199484820731926,0.4754744570778861,0.6666666666666666,0.07215277777777779,0.43333333333333335,0.01879624075184963,c6_scale_probe
c6_scale_probe:v3_1_c2_gpt_5_2_bundle_5_cluster_l2_v2__vs__v3_1_c6_gpt_5_2_bundle_5_cluster_l2_scale_7,c6_scale_probe,scale_probe,v3_1_c2_gpt_5_2_bundle_5_cluster_l2_v2,v3_1_c6_gpt_5_2_bundle_5_cluster_l2_scale_7,mid_scale_mass,30,0.12824074074074074,0.0,0.20680098441452752,0.6201166841821474,0.36666666666666664,0.05925925925925926,0.2014120370370369,0.0015996800639872025,c6_scale_probe
c6_scale_probe:v3_1_c2_gpt_5_2_bundle_5_cluster_l2_v2__vs__v3_1_c6_gpt_5_2_bundle_5_cluster_l2_scale_7,c6_scale_probe,scale_probe,v3_1_c2_gpt_5_2_bundle_5_cluster_l2_v2,v3_1_c6_gpt_5_2_bundle_5_cluster_l2_scale_7,singleton_rate,30,-0.22777777777777777,-0.20833333333333331,0.4452459248423966,-0.5115774565671861,0.26666666666666666,-0.380625,-0.06666666666666665,0.012997400519896021,c6_scale_probe
c6_scale_probe:v3_1_c2_gpt_5_2_bundle_5_cluster_l2_v2__vs__v3_1_c6_gpt_5_2_bundle_5_cluster_l2_scale_7,c6_scale_probe,scale_probe,v3_1_c2_gpt_5_2_bundle_5_cluster_l2_v2,v3_1_c6_gpt_5_2_bundle_5_cluster_l2_scale_7,stage_entropy,30,-0.06694865727993456,-0.08867138314267449,0.3461289977532093,-0.1934211167354117,0.36666666666666664,-0.18901544692412203,0.05766047489263437,0.29014197160567884,c6_scale_probe
c6_scale_probe:v3_1_c2_gpt_5_2_bundle_5_cluster_l2_v2__vs__v3_1_c6_gpt_5_2_bundle_5_cluster_l2_scale_7,c6_scale_probe,scale_probe,v3_1_c2_gpt_5_2_bundle_5_cluster_l2_v2,v3_1_c6_gpt_5_2_bundle_5_cluster_l2_scale_7,tbm_conflict,30,-0.3204923774280209,-0.30166522803553564,0.4539806964656332,-0.7059603633439566,0.06666666666666667,-0.4712727543866595,-0.15449614070586884,0.0007998400319936012,c6_scale_probe
c7_scale_probe:v3_1_c2_gpt_4_1_bundle_5_cluster_l2_v2__vs__v3_1_c7_gpt_4_1_bundle_5_cluster_l2_scale_9,c7_scale_probe,scale_probe,v3_1_c2_gpt_4_1_bundle_5_cluster_l2_v2,v3_1_c7_gpt_4_1_bundle_5_cluster_l2_scale_9,abstain_rate,30,-0.058333333333333334,0.0,0.21458995916564375,-0.27183626652496523,0.06666666666666667,-0.14166666666666666,0.008333333333333333,0.26374725054989,c7_scale_probe
c7_scale_probe:v3_1_c2_gpt_4_1_bundle_5_cluster_l2_v2__vs__v3_1_c7_gpt_4_1_bundle_5_cluster_l2_scale_9,c7_scale_probe,scale_probe,v3_1_c2_gpt_4_1_bundle_5_cluster_l2_v2,v3_1_c7_gpt_4_1_bundle_5_cluster_l2_scale_9,closed_world_conflict,30,-0.31901208333333325,-0.6433,0.6739804463109584,-0.47332542817740547,0.3,-0.5521022499999999,-0.058438416666666736,0.014997000599880024,c7_scale_probe
c7_scale_probe:v3_1_c2_gpt_4_1_bundle_5_cluster_l2_v2__vs__v3_1_c7_gpt_4_1_bundle_5_cluster_l2_scale_9,c7_scale_probe,scale_probe,v3_1_c2_gpt_4_1_bundle_5_cluster_l2_v2,v3_1_c7_gpt_4_1_bundle_5_cluster_l2_scale_9,mean_expected_stage,30,2.1468981481481477,2.21875,0.6764046415095231,3.1739849439189896,1.0,1.9093900462962963,2.3810277777777773,0.0001999600079984003,c7_scale_probe
c7_scale_probe:v3_1_c2_gpt_4_1_bundle_5_cluster_l2_v2__vs__v3_1_c7_gpt_4_1_bundle_5_cluster_l2_scale_9,c7_scale_probe,scale_probe,v3_1_c2_gpt_4_1_bundle_5_cluster_l2_v2,v3_1_c7_gpt_4_1_bundle_5_cluster_l2_scale_9,mean_score_expert_agreement_prob,30,0.005833333333333331,-5.551115123125783e-17,0.06277811684036876,0.09291985212245603,0.4,-0.014583333333333334,0.02875000000000001,0.6362727454509098,c7_scale_probe
c7_scale_probe:v3_1_c2_gpt_4_1_bundle_5_cluster_l2_v2__vs__v3_1_c7_gpt_4_1_bundle_5_cluster_l2_scale_9,c7_scale_probe,scale_probe,v3_1_c2_gpt_4_1_bundle_5_cluster_l2_v2,v3_1_c7_gpt_4_1_bundle_5_cluster_l2_scale_9,mean_subset_size,30,0.7944444444444445,0.75,0.7892759829533151,1.006548357738937,0.8666666666666667,0.5332638888888889,1.064027777777777,0.0001999600079984003,c7_scale_probe
c7_scale_probe:v3_1_c2_gpt_4_1_bundle_5_cluster_l2_v2__vs__v3_1_c7_gpt_4_1_bundle_5_cluster_l2_scale_9,c7_scale_probe,scale_probe,v3_1_c2_gpt_4_1_bundle_5_cluster_l2_v2,v3_1_c7_gpt_4_1_bundle_5_cluster_l2_scale_9,mid_scale_mass,30,0.15324074074074073,0.125,0.2435642824200254,0.6291593300058579,0.6333333333333333,0.07453125,0.2449247685185184,0.0007998400319936012,c7_scale_probe
c7_scale_probe:v3_1_c2_gpt_4_1_bundle_5_cluster_l2_v2__vs__v3_1_c7_gpt_4_1_bundle_5_cluster_l2_scale_9,c7_scale_probe,scale_probe,v3_1_c2_gpt_4_1_bundle_5_cluster_l2_v2,v3_1_c7_gpt_4_1_bundle_5_cluster_l2_scale_9,singleton_rate,30,-0.3055555555555555,-0.25,0.3811490324397497,-0.8016695033952536,0.1,-0.4305555555555555,-0.1722222222222222,0.0001999600079984003,c7_scale_probe
c7_scale_probe:v3_1_c2_gpt_4_1_bundle_5_cluster_l2_v2__vs__v3_1_c7_gpt_4_1_bundle_5_cluster_l2_scale_9,c7_scale_probe,scale_probe,v3_1_c2_gpt_4_1_bundle_5_cluster_l2_v2,v3_1_c7_gpt_4_1_bundle_5_cluster_l2_scale_9,stage_entropy,30,-0.04053740140491991,-0.04533855780256568,0.2482211843735436,-0.16331161059934315,0.4,-0.12292167331110442,0.045850176326082105,0.3823235352929414,c7_scale_probe
c7_scale_probe:v3_1_c2_gpt_4_1_bundle_5_cluster_l2_v2__vs__v3_1_c7_gpt_4_1_bundle_5_cluster_l2_scale_9,c7_scale_probe,scale_probe,v3_1_c2_gpt_4_1_bundle_5_cluster_l2_v2,v3_1_c7_gpt_4_1_bundle_5_cluster_l2_scale_9,tbm_conflict,30,-0.23010327906353334,-0.2704017344,0.6414016605531697,-0.3587506756142217,0.23333333333333334,-0.44271560353835837,0.0034355719629215685,0.0609878024395121,c7_scale_probe
c7_scale_probe:v3_1_c2_gpt_5_2_bundle_5_cluster_l2_v2__vs__v3_1_c7_gpt_5_2_bundle_5_cluster_l2_scale_9,c7_scale_probe,scale_probe,v3_1_c2_gpt_5_2_bundle_5_cluster_l2_v2,v3_1_c7_gpt_5_2_bundle_5_cluster_l2_scale_9,abstain_rate,30,-0.06666666666666667,0.0,0.18491998891101682,-0.3605162809021503,0.16666666666666666,-0.1252083333333333,0.0,0.09918016396720655,c7_scale_probe
c7_scale_probe:v3_1_c2_gpt_5_2_bundle_5_cluster_l2_v2__vs__v3_1_c7_gpt_5_2_bundle_5_cluster_l2_scale_9,c7_scale_probe,scale_probe,v3_1_c2_gpt_5_2_bundle_5_cluster_l2_v2,v3_1_c7_gpt_5_2_bundle_5_cluster_l2_scale_9,closed_world_conflict,30,0.34078793199999996,0.45450599999999997,0.320500235456949,1.0633000987163894,0.7666666666666667,0.2255726517333333,0.45003800839999986,0.0001999600079984003,c7_scale_probe
c7_scale_probe:v3_1_c2_gpt_5_2_bundle_5_cluster_l2_v2__vs__v3_1_c7_gpt_5_2_bundle_5_cluster_l2_scale_9,c7_scale_probe,scale_probe,v3_1_c2_gpt_5_2_bundle_5_cluster_l2_v2,v3_1_c7_gpt_5_2_bundle_5_cluster_l2_scale_9,mean_expected_stage,30,2.7134259259259257,2.75,0.5343595866098984,5.0779025845508485,1.0,2.5300231481481483,2.9106481481481477,0.0001999600079984003,c7_scale_probe
c7_scale_probe:v3_1_c2_gpt_5_2_bundle_5_cluster_l2_v2__vs__v3_1_c7_gpt_5_2_bundle_5_cluster_l2_scale_9,c7_scale_probe,scale_probe,v3_1_c2_gpt_5_2_bundle_5_cluster_l2_v2,v3_1_c7_gpt_5_2_bundle_5_cluster_l2_scale_9,mean_score_expert_agreement_prob,30,0.02966666666666667,0.03125,0.08456973589816308,0.3507953093573638,0.6666666666666666,-0.000583333333333314,0.05783333333333333,0.0617876424715057,c7_scale_probe
c7_scale_probe:v3_1_c2_gpt_5_2_bundle_5_cluster_l2_v2__vs__v3_1_c7_gpt_5_2_bundle_5_cluster_l2_scale_9,c7_scale_probe,scale_probe,v3_1_c2_gpt_5_2_bundle_5_cluster_l2_v2,v3_1_c7_gpt_5_2_bundle_5_cluster_l2_scale_9,mean_subset_size,30,0.26666666666666666,0.25,0.48512351786550906,0.5496881862993802,0.6666666666666666,0.11104166666666669,0.438958333333333,0.005398920215956809,c7_scale_probe
c7_scale_probe:v3_1_c2_gpt_5_2_bundle_5_cluster_l2_v2__vs__v3_1_c7_gpt_5_2_bundle_5_cluster_l2_scale_9,c7_scale_probe,scale_probe,v3_1_c2_gpt_5_2_bundle_5_cluster_l2_v2,v3_1_c7_gpt_5_2_bundle_5_cluster_l2_scale_9,mid_scale_mass,30,0.1324074074074074,0.0,0.2071239910432235,0.6392663966183235,0.4,0.06527777777777777,0.20604166666666654,0.0013997200559888023,c7_scale_probe
c7_scale_probe:v3_1_c2_gpt_5_2_bundle_5_cluster_l2_v2__vs__v3_1_c7_gpt_5_2_bundle_5_cluster_l2_scale_9,c7_scale_probe,scale_probe,v3_1_c2_gpt_5_2_bundle_5_cluster_l2_v2,v3_1_c7_gpt_5_2_bundle_5_cluster_l2_scale_9,singleton_rate,30,-0.20277777777777778,-0.16666666666666663,0.3869787517143756,-0.5240023564070144,0.3,-0.33888888888888885,-0.0722222222222222,0.008398320335932814,c7_scale_probe
c7_scale_probe:v3_1_c2_gpt_5_2_bundle_5_cluster_l2_v2__vs__v3_1_c7_gpt_5_2_bundle_5_cluster_l2_scale_9,c7_scale_probe,scale_probe,v3_1_c2_gpt_5_2_bundle_5_cluster_l2_v2,v3_1_c7_gpt_5_2_bundle_5_cluster_l2_scale_9,stage_entropy,30,-0.08253792421876278,-0.08253719085524808,0.3399464062218412,-0.24279687241317807,0.4,-0.19780773328324758,0.043393702412369395,0.2001599680063987,c7_scale_probe
c7_scale_probe:v3_1_c2_gpt_5_2_bundle_5_cluster_l2_v2__vs__v3_1_c7_gpt_5_2_bundle_5_cluster_l2_scale_9,c7_scale_probe,scale_probe,v3_1_c2_gpt_5_2_bundle_5_cluster_l2_v2,v3_1_c7_gpt_5_2_bundle_5_cluster_l2_scale_9,tbm_conflict,30,0.20207351255311495,0.15390153019229114,0.4393254330853243,0.45996315563608386,0.6,0.04412528397065023,0.3510046682003265,0.01839632073585283,c7_scale_probe
c7_scale_probe_step:v3_1_c6_gpt_4_1_bundle_5_cluster_l2_scale_7__vs__v3_1_c7_gpt_4_1_bundle_5_cluster_l2_scale_9,c7_scale_probe_step,scale_probe_step,v3_1_c6_gpt_4_1_bundle_5_cluster_l2_scale_7,v3_1_c7_gpt_4_1_bundle_5_cluster_l2_scale_9,abstain_rate,30,0.008333333333333333,0.0,0.0799604787436865,0.10421815207042284,0.06666666666666667,-0.016666666666666666,0.041666666666666664,1.0,c7_scale_probe_step
c7_scale_probe_step:v3_1_c6_gpt_4_1_bundle_5_cluster_l2_scale_7__vs__v3_1_c7_gpt_4_1_bundle_5_cluster_l2_scale_9,c7_scale_probe_step,scale_probe_step,v3_1_c6_gpt_4_1_bundle_5_cluster_l2_scale_7,v3_1_c7_gpt_4_1_bundle_5_cluster_l2_scale_9,closed_world_conflict,30,0.012813333333333359,0.025000000000000022,0.43308652012146426,0.02958608208295125,0.5,-0.14241745833333327,0.16071054166666654,0.8760247950409918,c7_scale_probe_step
c7_scale_probe_step:v3_1_c6_gpt_4_1_bundle_5_cluster_l2_scale_7__vs__v3_1_c7_gpt_4_1_bundle_5_cluster_l2_scale_9,c7_scale_probe_step,scale_probe_step,v3_1_c6_gpt_4_1_bundle_5_cluster_l2_scale_7,v3_1_c7_gpt_4_1_bundle_5_cluster_l2_scale_9,mean_expected_stage,30,0.8205092592592591,0.8250000000000002,0.5709191123444859,1.437172519745973,0.9333333333333333,0.6227129629629629,1.0191377314814813,0.0001999600079984003,c7_scale_probe_step
c7_scale_probe_step:v3_1_c6_gpt_4_1_bundle_5_cluster_l2_scale_7__vs__v3_1_c7_gpt_4_1_bundle_5_cluster_l2_scale_9,c7_scale_probe_step,scale_probe_step,v3_1_c6_gpt_4_1_bundle_5_cluster_l2_scale_7,v3_1_c7_gpt_4_1_bundle_5_cluster_l2_scale_9,mean_score_expert_agreement_prob,30,0.0012500000000000067,-0.006250000000000033,0.06754229198729161,0.018506923043642046,0.3333333333333333,-0.02041666666666669,0.027093749999999972,0.9236152769446111,c7_scale_probe_step
c7_scale_probe_step:v3_1_c6_gpt_4_1_bundle_5_cluster_l2_scale_7__vs__v3_1_c7_gpt_4_1_bundle_5_cluster_l2_scale_9,c7_scale_probe_step,scale_probe_step,v3_1_c6_gpt_4_1_bundle_5_cluster_l2_scale_7,v3_1_c7_gpt_4_1_bundle_5_cluster_l2_scale_9,mean_subset_size,30,0.2833333333333333,0.25,0.8178445645724902,0.3464390980961516,0.5333333333333333,-0.019444444444444434,0.5722222222222222,0.07438512297540492,c7_scale_probe_step
c7_scale_probe_step:v3_1_c6_gpt_4_1_bundle_5_cluster_l2_scale_7__vs__v3_1_c7_gpt_4_1_bundle_5_cluster_l2_scale_9,c7_scale_probe_step,scale_probe_step,v3_1_c6_gpt_4_1_bundle_5_cluster_l2_scale_7,v3_1_c7_gpt_4_1_bundle_5_cluster_l2_scale_9,mid_scale_mass,30,0.0016666666666666607,0.0,0.08919472649050769,0.018685708586639718,0.36666666666666664,-0.030972222222222238,0.03152777777777776,0.9288142371525695,c7_scale_probe_step
c7_scale_probe_step:v3_1_c6_gpt_4_1_bundle_5_cluster_l2_scale_7__vs__v3_1_c7_gpt_4_1_bundle_5_cluster_l2_scale_9,c7_scale_probe_step,scale_probe_step,v3_1_c6_gpt_4_1_bundle_5_cluster_l2_scale_7,v3_1_c7_gpt_4_1_bundle_5_cluster_l2_scale_9,singleton_rate,30,-0.002777777777777777,0.0,0.29400404424634297,-0.009448093766527598,0.26666666666666666,-0.10277777777777777,0.1,1.0,c7_scale_probe_step
c7_scale_probe_step:v3_1_c6_gpt_4_1_bundle_5_cluster_l2_scale_7__vs__v3_1_c7_gpt_4_1_bundle_5_cluster_l2_scale_9,c7_scale_probe_step,scale_probe_step,v3_1_c6_gpt_4_1_bundle_5_cluster_l2_scale_7,v3_1_c7_gpt_4_1_bundle_5_cluster_l2_scale_9,stage_entropy,30,0.0006072707186559426,-0.007875609379472959,0.1826243615825651,0.003325244854484507,0.5,-0.06648495977914386,0.06362794554406738,0.9860027994401119,c7_scale_probe_step
c7_scale_probe_step:v3_1_c6_gpt_4_1_bundle_5_cluster_l2_scale_7__vs__v3_1_c7_gpt_4_1_bundle_5_cluster_l2_scale_9,c7_scale_probe_step,scale_probe_step,v3_1_c6_gpt_4_1_bundle_5_cluster_l2_scale_7,v3_1_c7_gpt_4_1_bundle_5_cluster_l2_scale_9,tbm_conflict,30,0.2527006105614667,0.32920354399999996,0.48945211828433277,0.5162928121493342,0.6333333333333333,0.07798894571267331,0.42683094826655327,0.008998200359928014,c7_scale_probe_step
c7_scale_probe_step:v3_1_c6_gpt_5_2_bundle_5_cluster_l2_scale_7__vs__v3_1_c7_gpt_5_2_bundle_5_cluster_l2_scale_9,c7_scale_probe_step,scale_probe_step,v3_1_c6_gpt_5_2_bundle_5_cluster_l2_scale_7,v3_1_c7_gpt_5_2_bundle_5_cluster_l2_scale_9,abstain_rate,30,0.008333333333333333,0.0,0.15373697496459454,0.0542051340300698,0.2,-0.05,0.058333333333333334,1.0,c7_scale_probe_step
c7_scale_probe_step:v3_1_c6_gpt_5_2_bundle_5_cluster_l2_scale_7__vs__v3_1_c7_gpt_5_2_bundle_5_cluster_l2_scale_9,c7_scale_probe_step,scale_probe_step,v3_1_c6_gpt_5_2_bundle_5_cluster_l2_scale_7,v3_1_c7_gpt_5_2_bundle_5_cluster_l2_scale_9,closed_world_conflict,30,0.5454537706666667,0.62250616,0.22927488775769622,2.3790384372278774,0.9333333333333333,0.46035303893333335,0.6241415597333334,0.0001999600079984003,c7_scale_probe_step
c7_scale_probe_step:v3_1_c6_gpt_5_2_bundle_5_cluster_l2_scale_7__vs__v3_1_c7_gpt_5_2_bundle_5_cluster_l2_scale_9,c7_scale_probe_step,scale_probe_step,v3_1_c6_gpt_5_2_bundle_5_cluster_l2_scale_7,v3_1_c7_gpt_5_2_bundle_5_cluster_l2_scale_9,mean_expected_stage,30,1.1175925925925925,1.1458333333333335,0.5777042454927905,1.9345410758393664,0.9666666666666667,0.9064699074074074,1.3139004629629631,0.0001999600079984003,c7_scale_probe_step
c7_scale_probe_step:v3_1_c6_gpt_5_2_bundle_5_cluster_l2_scale_7__vs__v3_1_c7_gpt_5_2_bundle_5_cluster_l2_scale_9,c7_scale_probe_step,scale_probe_step,v3_1_c6_gpt_5_2_bundle_5_cluster_l2_scale_7,v3_1_c7_gpt_5_2_bundle_5_cluster_l2_scale_9,mean_score_expert_agreement_prob,30,0.0009166666666666804,-0.0025000000000000022,0.08836026210656142,0.010374195875077773,0.5,-0.030666666666666658,0.03017083333333334,0.9550089982003599,c7_scale_probe_step
c7_scale_probe_step:v3_1_c6_gpt_5_2_bundle_5_cluster_l2_scale_7__vs__v3_1_c7_gpt_5_2_bundle_5_cluster_l2_scale_9,c7_scale_probe_step,scale_probe_step,v3_1_c6_gpt_5_2_bundle_5_cluster_l2_scale_7,v3_1_c7_gpt_5_2_bundle_5_cluster_l2_scale_9,mean_subset_size,30,0.019444444444444448,0.0,0.4998483167112093,0.038900690058097376,0.4,-0.1583333333333333,0.188958333333333,0.8414317136572685,c7_scale_probe_step
c7_scale_probe_step:v3_1_c6_gpt_5_2_bundle_5_cluster_l2_scale_7__vs__v3_1_c7_gpt_5_2_bundle_5_cluster_l2_scale_9,c7_scale_probe_step,scale_probe_step,v3_1_c6_gpt_5_2_bundle_5_cluster_l2_scale_7,v3_1_c7_gpt_5_2_bundle_5_cluster_l2_scale_9,mid_scale_mass,30,0.004166666666666655,0.0,0.05173012417466672,0.0805462336142459,0.13333333333333333,-0.012500000000000011,0.024999999999999984,0.9398120375924816,c7_scale_probe_step
c7_scale_probe_step:v3_1_c6_gpt_5_2_bundle_5_cluster_l2_scale_7__vs__v3_1_c7_gpt_5_2_bundle_5_cluster_l2_scale_9,c7_scale_probe_step,scale_probe_step,v3_1_c6_gpt_5_2_bundle_5_cluster_l2_scale_7,v3_1_c7_gpt_5_2_bundle_5_cluster_l2_scale_9,singleton_rate,30,0.02499999999999999,0.0,0.4410400021822331,0.056684200699033765,0.43333333333333335,-0.13055555555555554,0.17222222222222217,0.7830433913217356,c7_scale_probe_step
c7_scale_probe_step:v3_1_c6_gpt_5_2_bundle_5_cluster_l2_scale_7__vs__v3_1_c7_gpt_5_2_bundle_5_cluster_l2_scale_9,c7_scale_probe_step,scale_probe_step,v3_1_c6_gpt_5_2_bundle_5_cluster_l2_scale_7,v3_1_c7_gpt_5_2_bundle_5_cluster_l2_scale_9,stage_entropy,30,-0.015589266938828238,-0.06069907920720996,0.23422187720945906,-0.06655768933525849,0.4666666666666667,-0.09688819469470726,0.0691722930576909,0.7178564287142571,c7_scale_probe_step
c7_scale_probe_step:v3_1_c6_gpt_5_2_bundle_5_cluster_l2_scale_7__vs__v3_1_c7_gpt_5_2_bundle_5_cluster_l2_scale_9,c7_scale_probe_step,scale_probe_step,v3_1_c6_gpt_5_2_bundle_5_cluster_l2_scale_7,v3_1_c7_gpt_5_2_bundle_5_cluster_l2_scale_9,tbm_conflict,30,0.5225658899811357,0.5854476219761995,0.3719319318250061,1.4050041022748294,0.8,0.3846165668903893,0.6486725539044925,0.0001999600079984003,c7_scale_probe_step
