experiment_tag,family_slug,abstain_mass,mass_stage_1,mass_stage_2,mass_stage_3,mass_stage_4,mass_stage_5,mass_stage_6,mass_stage_7,mass_stage_8,mass_stage_9,mid_scale_mass,stage_entropy
v3_a1_gpt_4_1_abstain_false,a1_abstain_toggle,0.0,0.38041666666666674,0.3637500000000001,0.2195833333333333,0.03625,0.0,0.0,0.0,0.0,0.0,0.5833333333333334,0.8574445612529931
v3_a1_gpt_4_1_abstain_true,a1_abstain_toggle,0.20166666666666666,0.21444444444444438,0.31638888888888894,0.2338888888888889,0.03361111111111111,0.0,0.0,0.0,0.0,0.0,0.5502777777777779,0.82820396482488
v3_a1_gpt_5_2_abstain_false,a1_abstain_toggle,0.0,0.5508333333333333,0.36666666666666664,0.08166666666666667,0.0008333333333333334,0.0,0.0,0.0,0.0,0.0,0.4483333333333333,0.6541499245268051
v3_a1_gpt_5_2_abstain_true,a1_abstain_toggle,0.43833333333333335,0.11833333333333333,0.365,0.07583333333333334,0.0025,0.0,0.0,0.0,0.0,0.0,0.4408333333333333,0.5994328227329166
v3_a2_gpt_4_1_l3,a2_evidence_level_l3,0.20666666666666667,0.14569444444444443,0.32958333333333345,0.2795833333333334,0.03847222222222221,0.0,0.0,0.0,0.0,0.0,0.6091666666666669,0.813757911641989
v3_a2_gpt_5_2_l3,a2_evidence_level_l3,0.47833333333333333,0.10916666666666666,0.33916666666666667,0.07333333333333333,0.0,0.0,0.0,0.0,0.0,0.0,0.4125,0.5771649650052378
v3_a3_gpt_4_1_scale_5,a3_scale_size,0.105,0.2227777777777777,0.14513888888888885,0.38819444444444456,0.12930555555555553,0.009583333333333333,0.0,0.0,0.0,0.0,0.662638888888889,0.8021557818516456
v3_a3_gpt_5_2_scale_5,a3_scale_size,0.245,0.115,0.15666666666666668,0.47333333333333333,0.01,0.0,0.0,0.0,0.0,0.0,0.64,0.5835648485883486
v3_a4_rubric_gpt_4_1_scoring_gpt_5_2,a4_model_swap,0.42333333333333334,0.13888888888888887,0.2613888888888889,0.17222222222222222,0.004166666666666667,0.0,0.0,0.0,0.0,0.0,0.4336111111111111,0.6857598904935858
v3_a4_rubric_gpt_5_2_scoring_gpt_4_1,a4_model_swap,0.16,0.21972222222222218,0.4122222222222222,0.19555555555555554,0.0125,0.0,0.0,0.0,0.0,0.0,0.6077777777777778,0.7734129322029968
v3_a5_gpt_4_1_illiberal_democracy,a5_concept_swap,0.06833333333333333,0.2525,0.32555555555555565,0.2736111111111111,0.08000000000000002,0.0,0.0,0.0,0.0,0.0,0.5991666666666667,0.9157822780253689
v3_a5_gpt_5_2_illiberal_democracy,a5_concept_swap,0.4,0.16083333333333333,0.39666666666666667,0.04083333333333333,0.0016666666666666668,0.0,0.0,0.0,0.0,0.0,0.4375,0.5784796713616952
v3_b1_gpt_4_1_mini_abstain_false,b1_small_model_family,0.0,0.5172222222222222,0.3638888888888889,0.11722222222222224,0.0016666666666666668,0.0,0.0,0.0,0.0,0.0,0.4811111111111111,0.7002858277293883
v3_b1_gpt_4_1_mini_abstain_true,b1_small_model_family,0.39,0.235,0.29,0.08416666666666667,0.0008333333333333334,0.0,0.0,0.0,0.0,0.0,0.37416666666666665,0.6589658765638484
v3_b1_gpt_5_2_chat_abstain_false,b1_small_model_family,0.0,0.395,0.4025,0.1975,0.005,0.0,0.0,0.0,0.0,0.0,0.6000000000000001,0.779086026519329
v3_b1_gpt_5_2_chat_abstain_true,b1_small_model_family,0.37333333333333335,0.07916666666666666,0.29611111111111116,0.24611111111111114,0.005277777777777778,0.0,0.0,0.0,0.0,0.0,0.5422222222222223,0.6736482066429625
v3_1_c1_gpt_4_1_bundle_5_random_l2,c1_bundle_5_random_l2,0.05,0.15069444444444444,0.3131944444444446,0.41736111111111124,0.06875,0.0,0.0,0.0,0.0,0.0,0.7305555555555558,0.8638432532135634
v3_1_c1_gpt_5_2_bundle_5_random_l2,c1_bundle_5_random_l2,0.0,0.0736111111111111,0.7777777777777778,0.1486111111111111,0.0,0.0,0.0,0.0,0.0,0.0,0.9263888888888889,0.483902075160703
v3_1_c2_gpt_4_1_bundle_5_cluster_l2_v2,c2_bundle_5_cluster_l2_v2,0.075,0.10277777777777779,0.3055555555555555,0.4680555555555556,0.04861111111111111,0.0,0.0,0.0,0.0,0.0,0.7736111111111111,0.7923574717168305
v3_1_c2_gpt_5_2_bundle_5_cluster_l2_v2,c2_bundle_5_cluster_l2_v2,0.11666666666666667,0.13055555555555556,0.5888888888888889,0.1638888888888889,0.0,0.0,0.0,0.0,0.0,0.0,0.7527777777777778,0.6304840726725566
v3_1_c3_gpt_4_1_bundle_5_cluster_l3_v2,c3_bundle_5_cluster_l3_v2,0.09166666666666666,0.1375,0.3152777777777777,0.41111111111111115,0.04444444444444444,0.0,0.0,0.0,0.0,0.0,0.7263888888888889,0.8227367477573049
v3_1_c3_gpt_5_2_bundle_5_cluster_l3_v2,c3_bundle_5_cluster_l3_v2,0.14166666666666666,0.09583333333333334,0.5833333333333334,0.17916666666666667,0.0,0.0,0.0,0.0,0.0,0.0,0.7625000000000001,0.6111427726699126
v3_1_c4_gpt_4_1_mini_scale_5,c4_small_model_scale_5,0.065,0.4872222222222223,0.18055555555555555,0.22472222222222218,0.0425,0.0,0.0,0.0,0.0,0.0,0.4477777777777777,0.7015499325021868
v3_1_c4_gpt_5_2_chat_scale_5,c4_small_model_scale_5,0.17833333333333334,0.24305555555555552,0.25277777777777777,0.2569444444444445,0.0638888888888889,0.005,0.0,0.0,0.0,0.0,0.5736111111111112,0.7722015813942086
v3_1_c5_gpt_4_1_mini_bundle_5_cluster_l2,c5_small_model_bundle_5_cluster_l2,0.16666666666666666,0.1902777777777778,0.5194444444444444,0.1236111111111111,0.0,0.0,0.0,0.0,0.0,0.0,0.6430555555555555,0.6595851799154355
v3_1_c5_gpt_5_2_chat_bundle_5_cluster_l2,c5_small_model_bundle_5_cluster_l2,0.03333333333333333,0.09027777777777776,0.6069444444444444,0.26944444444444443,0.0,0.0,0.0,0.0,0.0,0.0,0.8763888888888889,0.6301054566962082
v3_1_c6_gpt_4_1_bundle_5_cluster_l2_scale_7,c6_bundle_5_cluster_l2_scale_7,0.008333333333333333,0.04055555555555555,0.06624999999999999,0.21208333333333326,0.4475000000000002,0.18013888888888893,0.0423611111111111,0.0027777777777777775,0.0,0.0,0.9483333333333335,0.7490404897409186
v3_1_c6_gpt_5_2_bundle_5_cluster_l2_scale_7,c6_bundle_5_cluster_l2_scale_7,0.041666666666666664,0.008333333333333333,0.08194444444444444,0.1763888888888889,0.6722222222222223,0.01111111111111111,0.008333333333333333,0.0,0.0,0.0,0.9500000000000001,0.46652771156596357
v3_1_c7_gpt_4_1_bundle_5_cluster_l2_scale_9,c7_bundle_5_cluster_l2_scale_9,0.016666666666666666,0.03402777777777778,0.019027777777777775,0.1302777777777778,0.19416666666666663,0.42513888888888907,0.11083333333333333,0.04736111111111111,0.01486111111111111,0.007638888888888889,0.9416666666666668,0.7399605669588797
v3_1_c7_gpt_5_2_bundle_5_cluster_l2_scale_9,c7_bundle_5_cluster_l2_scale_9,0.05,0.004166666666666667,0.04027777777777777,0.04027777777777778,0.10972222222222226,0.6861111111111111,0.0375,0.02638888888888889,0.005555555555555555,0.0,0.9458333333333334,0.46895828036602455
v3_d1_control_gpt_4_1,d1_control,0.8,0.17916666666666667,0.020833333333333332,0.0,0.0,0.0,0.0,0.0,0.0,0.0,0.020833333333333332,0.2803994242970455
v3_d1_control_gpt_5_2,d1_control,0.8916666666666667,0.10833333333333334,0.0,0.0,0.0,0.0,0.0,0.0,0.0,0.0,0.0,0.17368275586281895
