contrast_id,family_slug,contrast_kind,baseline_tag,variant_tag,endpoint,n_samples,mean_delta,median_delta,std_delta,effect_size_dz,positive_share,ci_low,ci_high,sign_flip_pvalue,qvalue,is_significant_fdr_10,is_significant_fdr_05
a1_abstain_toggle:v3_a1_gpt_4_1_abstain_false__vs__v3_a1_gpt_4_1_abstain_true,a1_abstain_toggle,abstain_toggle,v3_a1_gpt_4_1_abstain_false,v3_a1_gpt_4_1_abstain_true,abstain_rate,30,0.2016666666666667,0.175,0.15563182312051765,1.2957932550240752,0.9,0.14833333333333337,0.25833333333333336,0.0001999600079984003,0.0005998800239952009,True,True
a1_abstain_toggle:v3_a1_gpt_4_1_abstain_false__vs__v3_a1_gpt_4_1_abstain_true,a1_abstain_toggle,abstain_toggle,v3_a1_gpt_4_1_abstain_false,v3_a1_gpt_4_1_abstain_true,mean_expected_stage,30,0.1998407193511683,0.25,0.627477435076157,0.3184827185489365,0.7666666666666667,-0.0343548832685346,0.4125953130886856,0.09138172365526895,0.12184229820702525,False,False
a1_abstain_toggle:v3_a1_gpt_4_1_abstain_false__vs__v3_a1_gpt_4_1_abstain_true,a1_abstain_toggle,abstain_toggle,v3_a1_gpt_4_1_abstain_false,v3_a1_gpt_4_1_abstain_true,mean_subset_size,30,0.024368777650511413,0.05555555555555558,0.2951995535213541,0.08255018464568453,0.5666666666666667,-0.08289968392890215,0.12291241379592767,0.6442711457708459,0.7028412499318318,False,False
a1_abstain_toggle:v3_a1_gpt_4_1_abstain_false__vs__v3_a1_gpt_4_1_abstain_true,a1_abstain_toggle,abstain_toggle,v3_a1_gpt_4_1_abstain_false,v3_a1_gpt_4_1_abstain_true,mid_scale_mass,30,0.10317534031156322,0.11081871345029243,0.3229383735365741,0.3194892548125074,0.5333333333333333,-0.00935560374247166,0.21244115582392792,0.08878224355128975,0.12184229820702525,False,False
a1_abstain_toggle:v3_a1_gpt_4_1_abstain_false__vs__v3_a1_gpt_4_1_abstain_true,a1_abstain_toggle,abstain_toggle,v3_a1_gpt_4_1_abstain_false,v3_a1_gpt_4_1_abstain_true,singleton_rate,30,-0.047105152902366526,-0.06349206349206352,0.2169468402434705,-0.21712762836048846,0.36666666666666664,-0.12218866796043655,0.02995730460987806,0.2435512897420516,0.2922615476904619,False,False
a1_abstain_toggle:v3_a1_gpt_4_1_abstain_false__vs__v3_a1_gpt_4_1_abstain_true,a1_abstain_toggle,abstain_toggle,v3_a1_gpt_4_1_abstain_false,v3_a1_gpt_4_1_abstain_true,stage_entropy,30,-0.0059831659753260625,0.03469961444888797,0.22178257832429746,-0.0269776193447318,0.6,-0.09062975103759671,0.06874129345701507,0.8844231153769246,0.8844231153769245,False,False
a1_abstain_toggle:v3_a1_gpt_5_2_abstain_false__vs__v3_a1_gpt_5_2_abstain_true,a1_abstain_toggle,abstain_toggle,v3_a1_gpt_5_2_abstain_false,v3_a1_gpt_5_2_abstain_true,abstain_rate,30,0.4383333333333333,0.45,0.17104311481739562,2.5627066824718128,1.0,0.37666666666666676,0.4966666666666667,0.0001999600079984003,0.0005998800239952009,True,True
a1_abstain_toggle:v3_a1_gpt_5_2_abstain_false__vs__v3_a1_gpt_5_2_abstain_true,a1_abstain_toggle,abstain_toggle,v3_a1_gpt_5_2_abstain_false,v3_a1_gpt_5_2_abstain_true,mean_expected_stage,30,0.42555030016136824,0.41271929824561393,0.3151889606516772,1.350143416449328,0.9,0.3194526023601585,0.542167260562723,0.0001999600079984003,0.0005998800239952009,True,True
a1_abstain_toggle:v3_a1_gpt_5_2_abstain_false__vs__v3_a1_gpt_5_2_abstain_true,a1_abstain_toggle,abstain_toggle,v3_a1_gpt_5_2_abstain_false,v3_a1_gpt_5_2_abstain_true,mean_subset_size,30,0.05522025145477153,0.03392857142857131,0.11843142210677565,0.46626351750624034,0.6,0.015441689534665501,0.09588392726840861,0.019396120775844832,0.03325049275859114,True,True
a1_abstain_toggle:v3_a1_gpt_5_2_abstain_false__vs__v3_a1_gpt_5_2_abstain_true,a1_abstain_toggle,abstain_toggle,v3_a1_gpt_5_2_abstain_false,v3_a1_gpt_5_2_abstain_true,mid_scale_mass,30,0.3612268779838439,0.39444444444444443,0.22850374353957192,1.5808357114345795,0.9333333333333333,0.27912937322109155,0.4420937100896466,0.0001999600079984003,0.0005998800239952009,True,True
a1_abstain_toggle:v3_a1_gpt_5_2_abstain_false__vs__v3_a1_gpt_5_2_abstain_true,a1_abstain_toggle,abstain_toggle,v3_a1_gpt_5_2_abstain_false,v3_a1_gpt_5_2_abstain_true,singleton_rate,30,-0.0552202514547716,-0.033928571428571475,0.11843142210677567,-0.4662635175062409,0.2,-0.099795855982969,-0.015797081569817684,0.016196760647870425,0.03239352129574085,True,True
a1_abstain_toggle:v3_a1_gpt_5_2_abstain_false__vs__v3_a1_gpt_5_2_abstain_true,a1_abstain_toggle,abstain_toggle,v3_a1_gpt_5_2_abstain_false,v3_a1_gpt_5_2_abstain_true,stage_entropy,30,-0.16472919629314975,-0.19603892653054977,0.24051123707516156,-0.6849126814048636,0.26666666666666666,-0.248873867285067,-0.08344479942490127,0.0003999200159968006,0.0009598080383923215,True,True
a2_evidence_level_l3:v3_a2_gpt_4_1_l3__vs__v3_a2_gpt_5_2_l3,a2_evidence_level_l3,model_comparison,v3_a2_gpt_4_1_l3,v3_a2_gpt_5_2_l3,abstain_rate,30,0.2716666666666666,0.3,0.22616873977314966,1.2011680612411424,0.8,0.18833333333333332,0.34833333333333333,0.0001999600079984003,0.00029994001199760045,True,True
a2_evidence_level_l3:v3_a2_gpt_4_1_l3__vs__v3_a2_gpt_5_2_l3,a2_evidence_level_l3,model_comparison,v3_a2_gpt_4_1_l3,v3_a2_gpt_5_2_l3,mean_expected_stage,30,-0.3101099634942514,-0.2749999999999999,0.454934830295072,-0.6816579932846936,0.2,-0.4762802920477069,-0.15328092061697918,0.0009998000399920016,0.001199760047990402,True,True
a2_evidence_level_l3:v3_a2_gpt_4_1_l3__vs__v3_a2_gpt_5_2_l3,a2_evidence_level_l3,model_comparison,v3_a2_gpt_4_1_l3,v3_a2_gpt_5_2_l3,mean_subset_size,30,-0.3370639317969039,-0.3583099906629319,0.2612217454814011,-1.2903364196412306,0.13333333333333333,-0.4303802370445173,-0.24603977386562528,0.0001999600079984003,0.00029994001199760045,True,True
a2_evidence_level_l3:v3_a2_gpt_4_1_l3__vs__v3_a2_gpt_5_2_l3,a2_evidence_level_l3,model_comparison,v3_a2_gpt_4_1_l3,v3_a2_gpt_5_2_l3,mid_scale_mass,30,0.05123449329976679,0.0727513227513227,0.1593796720571261,0.3214619068948951,0.5666666666666667,-0.0060652658589642775,0.10790686787007092,0.08698260347930414,0.08698260347930414,True,False
a2_evidence_level_l3:v3_a2_gpt_4_1_l3__vs__v3_a2_gpt_5_2_l3,a2_evidence_level_l3,model_comparison,v3_a2_gpt_4_1_l3,v3_a2_gpt_5_2_l3,singleton_rate,30,0.28493297680991175,0.27777777777777773,0.23133182122352047,1.231706798065624,0.8666666666666667,0.20362745302799484,0.36479602605928063,0.0001999600079984003,0.00029994001199760045,True,True
a2_evidence_level_l3:v3_a2_gpt_4_1_l3__vs__v3_a2_gpt_5_2_l3,a2_evidence_level_l3,model_comparison,v3_a2_gpt_4_1_l3,v3_a2_gpt_5_2_l3,stage_entropy,30,-0.2419771998129783,-0.19656997882099703,0.2874701950724702,-0.8417470887789836,0.23333333333333334,-0.3393639059696803,-0.14302745405929118,0.0001999600079984003,0.00029994001199760045,True,True
a3_scale_size:v3_a3_gpt_4_1_scale_5__vs__v3_a3_gpt_5_2_scale_5,a3_scale_size,model_comparison,v3_a3_gpt_4_1_scale_5,v3_a3_gpt_5_2_scale_5,abstain_rate,30,0.13999999999999999,0.07500000000000001,0.24544119318147237,0.5704013991509889,0.5666666666666667,0.056625,0.225,0.003799240151969606,0.011397720455908818,True,True
a3_scale_size:v3_a3_gpt_4_1_scale_5__vs__v3_a3_gpt_5_2_scale_5,a3_scale_size,model_comparison,v3_a3_gpt_4_1_scale_5,v3_a3_gpt_5_2_scale_5,mean_expected_stage,30,0.011233477135179925,0.0,0.5174159597244079,0.02171072794345816,0.4666666666666667,-0.16919355666907912,0.1940705756697436,0.904619076184763,0.9046190761847631,False,False
a3_scale_size:v3_a3_gpt_4_1_scale_5__vs__v3_a3_gpt_5_2_scale_5,a3_scale_size,model_comparison,v3_a3_gpt_4_1_scale_5,v3_a3_gpt_5_2_scale_5,mean_subset_size,30,-0.12656679105208515,-0.14905185758513928,0.2672390460399578,-0.4736089015718189,0.3,-0.21727941834782008,-0.03695418372691981,0.014997000599880024,0.022495500899820036,True,True
a3_scale_size:v3_a3_gpt_4_1_scale_5__vs__v3_a3_gpt_5_2_scale_5,a3_scale_size,model_comparison,v3_a3_gpt_4_1_scale_5,v3_a3_gpt_5_2_scale_5,mid_scale_mass,30,0.12121763372601868,0.06504723346828617,0.2483594206902049,0.48807342757181515,0.8,0.03675512503313396,0.2099129201074506,0.011597680463907219,0.022495500899820036,True,True
a3_scale_size:v3_a3_gpt_4_1_scale_5__vs__v3_a3_gpt_5_2_scale_5,a3_scale_size,model_comparison,v3_a3_gpt_4_1_scale_5,v3_a3_gpt_5_2_scale_5,singleton_rate,30,0.05942064285330538,0.12668067226890756,0.23037579867552316,0.25792918872089265,0.6333333333333333,-0.026850829052841436,0.13792862787367416,0.16276744651069786,0.19532093581283744,False,False
a3_scale_size:v3_a3_gpt_4_1_scale_5__vs__v3_a3_gpt_5_2_scale_5,a3_scale_size,model_comparison,v3_a3_gpt_4_1_scale_5,v3_a3_gpt_5_2_scale_5,stage_entropy,30,-0.19059259629875314,-0.2211732560706857,0.21358743421602816,-0.8923399309436088,0.3,-0.2629380084037239,-0.11437813003162547,0.0001999600079984003,0.0011997600479904018,True,True
a4_model_swap:v3_a4_rubric_gpt_4_1_scoring_gpt_5_2__vs__v3_a4_rubric_gpt_5_2_scoring_gpt_4_1,a4_model_swap,swap_pair,v3_a4_rubric_gpt_4_1_scoring_gpt_5_2,v3_a4_rubric_gpt_5_2_scoring_gpt_4_1,abstain_rate,30,-0.26333333333333336,-0.25,0.2504937652652888,-1.051257036495286,0.13333333333333333,-0.34500000000000003,-0.1749583333333335,0.0001999600079984003,0.0011997600479904018,True,True
a4_model_swap:v3_a4_rubric_gpt_4_1_scoring_gpt_5_2__vs__v3_a4_rubric_gpt_5_2_scoring_gpt_4_1,a4_model_swap,swap_pair,v3_a4_rubric_gpt_4_1_scoring_gpt_5_2,v3_a4_rubric_gpt_5_2_scoring_gpt_4_1,mean_expected_stage,30,-0.08790215839944945,-0.11944444444444446,0.4121949205738115,-0.2132538612486586,0.4,-0.23451963410399948,0.05117534644721169,0.2455508898220356,0.29466106778644274,False,False
a4_model_swap:v3_a4_rubric_gpt_4_1_scoring_gpt_5_2__vs__v3_a4_rubric_gpt_5_2_scoring_gpt_4_1,a4_model_swap,swap_pair,v3_a4_rubric_gpt_4_1_scoring_gpt_5_2,v3_a4_rubric_gpt_5_2_scoring_gpt_4_1,mean_subset_size,30,0.09448249849565643,0.07537878787878793,0.1854546731835209,0.5094641017870664,0.7333333333333333,0.030732474135628157,0.1637601843031409,0.008998200359928014,0.02699460107978404,True,True
a4_model_swap:v3_a4_rubric_gpt_4_1_scoring_gpt_5_2__vs__v3_a4_rubric_gpt_5_2_scoring_gpt_4_1,a4_model_swap,swap_pair,v3_a4_rubric_gpt_4_1_scoring_gpt_5_2,v3_a4_rubric_gpt_5_2_scoring_gpt_4_1,mid_scale_mass,30,-0.029140714663160486,-0.041154970760233944,0.2296194802463791,-0.12690872147211912,0.4,-0.10903737328656703,0.04794693705942412,0.484503099380124,0.484503099380124,False,False
a4_model_swap:v3_a4_rubric_gpt_4_1_scoring_gpt_5_2__vs__v3_a4_rubric_gpt_5_2_scoring_gpt_4_1,a4_model_swap,swap_pair,v3_a4_rubric_gpt_4_1_scoring_gpt_5_2,v3_a4_rubric_gpt_5_2_scoring_gpt_4_1,singleton_rate,30,-0.08341915007936679,-0.07537878787878782,0.17953461233366744,-0.46464104606375956,0.26666666666666666,-0.14840234850074244,-0.018292149174211857,0.014797040591881624,0.02959408118376325,True,True
a4_model_swap:v3_a4_rubric_gpt_4_1_scoring_gpt_5_2__vs__v3_a4_rubric_gpt_5_2_scoring_gpt_4_1,a4_model_swap,swap_pair,v3_a4_rubric_gpt_4_1_scoring_gpt_5_2,v3_a4_rubric_gpt_5_2_scoring_gpt_4_1,stage_entropy,30,0.040985056019625495,0.046657258802456025,0.18013196966335965,0.2275279401886327,0.7,-0.02277753800779301,0.10526939849048618,0.22495500899820037,0.29466106778644274,False,False
a5_concept_swap:v3_a5_gpt_4_1_illiberal_democracy__vs__v3_a5_gpt_5_2_illiberal_democracy,a5_concept_swap,model_comparison,v3_a5_gpt_4_1_illiberal_democracy,v3_a5_gpt_5_2_illiberal_democracy,abstain_rate,30,0.33166666666666667,0.30000000000000004,0.18776513820844587,1.7663910874577247,0.9666666666666667,0.26666666666666666,0.39666666666666667,0.0001999600079984003,0.00029994001199760045,True,True
a5_concept_swap:v3_a5_gpt_4_1_illiberal_democracy__vs__v3_a5_gpt_5_2_illiberal_democracy,a5_concept_swap,model_comparison,v3_a5_gpt_4_1_illiberal_democracy,v3_a5_gpt_5_2_illiberal_democracy,mean_expected_stage,30,-0.3840276996920445,-0.4563995215311005,0.38936877558620314,-0.9862827318751547,0.16666666666666666,-0.5197347971187788,-0.24308838520703208,0.0003999200159968006,0.00047990401919616074,True,True
a5_concept_swap:v3_a5_gpt_4_1_illiberal_democracy__vs__v3_a5_gpt_5_2_illiberal_democracy,a5_concept_swap,model_comparison,v3_a5_gpt_4_1_illiberal_democracy,v3_a5_gpt_5_2_illiberal_democracy,mean_subset_size,30,-0.4391586624016964,-0.4293343653250774,0.23329563497562258,-1.8824126840075028,0.03333333333333333,-0.5196059482671325,-0.355591826649586,0.0001999600079984003,0.00029994001199760045,True,True
a5_concept_swap:v3_a5_gpt_4_1_illiberal_democracy__vs__v3_a5_gpt_5_2_illiberal_democracy,a5_concept_swap,model_comparison,v3_a5_gpt_4_1_illiberal_democracy,v3_a5_gpt_5_2_illiberal_democracy,mid_scale_mass,30,0.09507383750675805,0.08333333333333337,0.255986709660341,0.3714014592121126,0.5666666666666667,0.0007875388392996794,0.18094001914909424,0.054789042191561686,0.054789042191561686,True,False
a5_concept_swap:v3_a5_gpt_4_1_illiberal_democracy__vs__v3_a5_gpt_5_2_illiberal_democracy,a5_concept_swap,model_comparison,v3_a5_gpt_4_1_illiberal_democracy,v3_a5_gpt_5_2_illiberal_democracy,singleton_rate,30,0.3618513008605888,0.375,0.1863276879759249,1.9420157293388574,0.9666666666666667,0.2960818936359766,0.4271593564924641,0.0001999600079984003,0.00029994001199760045,True,True
a5_concept_swap:v3_a5_gpt_4_1_illiberal_democracy__vs__v3_a5_gpt_5_2_illiberal_democracy,a5_concept_swap,model_comparison,v3_a5_gpt_4_1_illiberal_democracy,v3_a5_gpt_5_2_illiberal_democracy,stage_entropy,30,-0.38395979627330246,-0.3853153241307965,0.24171269265972942,-1.5884966240222276,0.03333333333333333,-0.47178622260278874,-0.29854817758921065,0.0001999600079984003,0.00029994001199760045,True,True
b1_small_model_family:v3_b1_gpt_4_1_mini_abstain_false__vs__v3_b1_gpt_4_1_mini_abstain_true,b1_small_model_family,abstain_toggle,v3_b1_gpt_4_1_mini_abstain_false,v3_b1_gpt_4_1_mini_abstain_true,abstain_rate,30,0.39,0.4,0.19000907419347654,2.05253355217595,0.9666666666666667,0.31833333333333336,0.4533333333333333,0.0001999600079984003,0.0005998800239952009,True,True
b1_small_model_family:v3_b1_gpt_4_1_mini_abstain_false__vs__v3_b1_gpt_4_1_mini_abstain_true,b1_small_model_family,abstain_toggle,v3_b1_gpt_4_1_mini_abstain_false,v3_b1_gpt_4_1_mini_abstain_true,mean_expected_stage,30,0.16381500615827244,0.2512820512820513,0.4400050866416113,0.3723025281562289,0.7,0.0005297192254912844,0.3132966120638333,0.04779044191161767,0.052135027539946546,True,False
b1_small_model_family:v3_b1_gpt_4_1_mini_abstain_false__vs__v3_b1_gpt_4_1_mini_abstain_true,b1_small_model_family,abstain_toggle,v3_b1_gpt_4_1_mini_abstain_false,v3_b1_gpt_4_1_mini_abstain_true,mean_subset_size,30,0.06037943867278232,0.030147058823529416,0.12912185767998158,0.4676159385998615,0.5666666666666667,0.015671864860429104,0.10598947402285244,0.019396120775844832,0.023275344931013797,True,True
b1_small_model_family:v3_b1_gpt_4_1_mini_abstain_false__vs__v3_b1_gpt_4_1_mini_abstain_true,b1_small_model_family,abstain_toggle,v3_b1_gpt_4_1_mini_abstain_false,v3_b1_gpt_4_1_mini_abstain_true,mid_scale_mass,30,0.1400155660043431,0.1375,0.30998010536030896,0.45169210405162735,0.6666666666666666,0.02721814973919269,0.2506637371414848,0.015796840631873626,0.0210624541758315,True,True
b1_small_model_family:v3_b1_gpt_4_1_mini_abstain_false__vs__v3_b1_gpt_4_1_mini_abstain_true,b1_small_model_family,abstain_toggle,v3_b1_gpt_4_1_mini_abstain_false,v3_b1_gpt_4_1_mini_abstain_true,singleton_rate,30,-0.06204610533944899,-0.03749999999999998,0.1291095904922539,-0.4805692985539407,0.16666666666666666,-0.10801721100250514,-0.01861358419630481,0.013797240551889621,0.020695860827834433,True,True
b1_small_model_family:v3_b1_gpt_4_1_mini_abstain_false__vs__v3_b1_gpt_4_1_mini_abstain_true,b1_small_model_family,abstain_toggle,v3_b1_gpt_4_1_mini_abstain_false,v3_b1_gpt_4_1_mini_abstain_true,stage_entropy,30,0.015153926865062499,0.019004123537291473,0.24454667035091257,0.06196742259184045,0.5333333333333333,-0.06913882102516875,0.10672471788427065,0.7488502299540092,0.7488502299540092,False,False
b1_small_model_family:v3_b1_gpt_5_2_chat_abstain_false__vs__v3_b1_gpt_5_2_chat_abstain_true,b1_small_model_family,abstain_toggle,v3_b1_gpt_5_2_chat_abstain_false,v3_b1_gpt_5_2_chat_abstain_true,abstain_rate,30,0.37333333333333335,0.4,0.12780193008453875,2.9211869733608866,1.0,0.3266666666666667,0.41670833333333324,0.0001999600079984003,0.0005998800239952009,True,True
b1_small_model_family:v3_b1_gpt_5_2_chat_abstain_false__vs__v3_b1_gpt_5_2_chat_abstain_true,b1_small_model_family,abstain_toggle,v3_b1_gpt_5_2_chat_abstain_false,v3_b1_gpt_5_2_chat_abstain_true,mean_expected_stage,30,0.47586657759451884,0.5080128205128205,0.3419626341101493,1.3915747807733807,0.9,0.3596908866596367,0.5928586988991402,0.0001999600079984003,0.0005998800239952009,True,True
b1_small_model_family:v3_b1_gpt_5_2_chat_abstain_false__vs__v3_b1_gpt_5_2_chat_abstain_true,b1_small_model_family,abstain_toggle,v3_b1_gpt_5_2_chat_abstain_false,v3_b1_gpt_5_2_chat_abstain_true,mean_subset_size,30,0.12851626314861606,0.11730769230769222,0.2450842625000051,0.5243758282872748,0.6,0.04955117826073706,0.21605730795620495,0.006798640271945611,0.01336875482046448,True,True
b1_small_model_family:v3_b1_gpt_5_2_chat_abstain_false__vs__v3_b1_gpt_5_2_chat_abstain_true,b1_small_model_family,abstain_toggle,v3_b1_gpt_5_2_chat_abstain_false,v3_b1_gpt_5_2_chat_abstain_true,mid_scale_mass,30,0.26672486690869046,0.24999999999999994,0.14610786432300543,1.8255339515403024,1.0,0.21720713858581508,0.31902496033378375,0.0001999600079984003,0.0005998800239952009,True,True
b1_small_model_family:v3_b1_gpt_5_2_chat_abstain_false__vs__v3_b1_gpt_5_2_chat_abstain_true,b1_small_model_family,abstain_toggle,v3_b1_gpt_5_2_chat_abstain_false,v3_b1_gpt_5_2_chat_abstain_true,singleton_rate,30,-0.12835753298988595,-0.11730769230769228,0.23407673363800882,-0.5483566478178314,0.4,-0.2098681083350201,-0.0510527600123189,0.005398920215956809,0.01295740851829634,True,True
b1_small_model_family:v3_b1_gpt_5_2_chat_abstain_false__vs__v3_b1_gpt_5_2_chat_abstain_true,b1_small_model_family,abstain_toggle,v3_b1_gpt_5_2_chat_abstain_false,v3_b1_gpt_5_2_chat_abstain_true,stage_entropy,30,-0.10164341872241564,-0.09634741666258101,0.19527587953306427,-0.5205118981692016,0.3333333333333333,-0.16832765981986159,-0.030895977717388716,0.007798440311937612,0.01336875482046448,True,True
c1_bundle_5_random_l2:v3_1_c1_gpt_4_1_bundle_5_random_l2__vs__v3_1_c1_gpt_5_2_bundle_5_random_l2,c1_bundle_5_random_l2,model_comparison,v3_1_c1_gpt_4_1_bundle_5_random_l2,v3_1_c1_gpt_5_2_bundle_5_random_l2,abstain_rate,30,-0.05,0.0,0.1902810987768468,-0.2627691364061219,0.0,-0.1252083333333333,0.0,0.23475304939012198,0.23475304939012198,False,False
c1_bundle_5_random_l2:v3_1_c1_gpt_4_1_bundle_5_random_l2__vs__v3_1_c1_gpt_5_2_bundle_5_random_l2,c1_bundle_5_random_l2,model_comparison,v3_1_c1_gpt_4_1_bundle_5_random_l2,v3_1_c1_gpt_5_2_bundle_5_random_l2,mean_expected_stage,29,-0.34913793103448276,-0.5,0.43578373583986657,-0.8011724677186605,0.20689655172413793,-0.5028735632183908,-0.1810344827586207,0.0005998800239952009,0.0007198560287942411,True,True
c1_bundle_5_random_l2:v3_1_c1_gpt_4_1_bundle_5_random_l2__vs__v3_1_c1_gpt_5_2_bundle_5_random_l2,c1_bundle_5_random_l2,model_comparison,v3_1_c1_gpt_4_1_bundle_5_random_l2,v3_1_c1_gpt_5_2_bundle_5_random_l2,mean_subset_size,29,-0.46264367816091956,-0.5,0.4973073363165296,-0.9302973118949786,0.1724137931034483,-0.6408045977011495,-0.2816091954022989,0.0001999600079984003,0.0003999200159968006,True,True
c1_bundle_5_random_l2:v3_1_c1_gpt_4_1_bundle_5_random_l2__vs__v3_1_c1_gpt_5_2_bundle_5_random_l2,c1_bundle_5_random_l2,model_comparison,v3_1_c1_gpt_4_1_bundle_5_random_l2,v3_1_c1_gpt_5_2_bundle_5_random_l2,mid_scale_mass,30,0.18333333333333332,0.14583333333333337,0.23458204456476184,0.7815318247118436,0.7666666666666667,0.10833333333333335,0.26392361111111096,0.0001999600079984003,0.0003999200159968006,True,True
c1_bundle_5_random_l2:v3_1_c1_gpt_4_1_bundle_5_random_l2__vs__v3_1_c1_gpt_5_2_bundle_5_random_l2,c1_bundle_5_random_l2,model_comparison,v3_1_c1_gpt_4_1_bundle_5_random_l2,v3_1_c1_gpt_5_2_bundle_5_random_l2,singleton_rate,29,0.3419540229885058,0.5,0.37753431173971097,0.9057561454818555,0.7931034482758621,0.20107758620689659,0.47413793103448276,0.0005998800239952009,0.0007198560287942411,True,True
c1_bundle_5_random_l2:v3_1_c1_gpt_4_1_bundle_5_random_l2__vs__v3_1_c1_gpt_5_2_bundle_5_random_l2,c1_bundle_5_random_l2,model_comparison,v3_1_c1_gpt_4_1_bundle_5_random_l2,v3_1_c1_gpt_5_2_bundle_5_random_l2,stage_entropy,30,-0.3269488070579595,-0.41441015402625125,0.30647082865618347,-1.0668186870886474,0.13333333333333333,-0.43241549214157704,-0.2185150494568047,0.0001999600079984003,0.0003999200159968006,True,True
c1_bundle_strategy:v3_1_c1_gpt_4_1_bundle_5_random_l2__vs__v3_1_c2_gpt_4_1_bundle_5_cluster_l2_v2,c1_bundle_strategy,bundle_strategy,v3_1_c1_gpt_4_1_bundle_5_random_l2,v3_1_c2_gpt_4_1_bundle_5_cluster_l2_v2,abstain_rate,30,0.025,0.0,0.28879953672710956,0.08656523581484421,0.16666666666666666,-0.075,0.125,0.7946410717856429,0.8668811692207015,False,False
c1_bundle_strategy:v3_1_c1_gpt_4_1_bundle_5_random_l2__vs__v3_1_c2_gpt_4_1_bundle_5_cluster_l2_v2,c1_bundle_strategy,bundle_strategy,v3_1_c1_gpt_4_1_bundle_5_random_l2,v3_1_c2_gpt_4_1_bundle_5_cluster_l2_v2,mean_expected_stage,29,0.0675287356321839,0.0,0.5788961548268777,0.11665086228181763,0.41379310344827586,-0.14231321839080463,0.2729885057471264,0.5572885422915417,0.8359328134373125,False,False
c1_bundle_strategy:v3_1_c1_gpt_4_1_bundle_5_random_l2__vs__v3_1_c2_gpt_4_1_bundle_5_cluster_l2_v2,c1_bundle_strategy,bundle_strategy,v3_1_c1_gpt_4_1_bundle_5_random_l2,v3_1_c2_gpt_4_1_bundle_5_cluster_l2_v2,mean_subset_size,29,-0.1810344827586207,0.0,0.5656630492408087,-0.32003943514003935,0.27586206896551724,-0.38505747126436785,0.011566091954022594,0.10477904419116177,0.419116176764647,False,False
c1_bundle_strategy:v3_1_c1_gpt_4_1_bundle_5_random_l2__vs__v3_1_c2_gpt_4_1_bundle_5_cluster_l2_v2,c1_bundle_strategy,bundle_strategy,v3_1_c1_gpt_4_1_bundle_5_random_l2,v3_1_c2_gpt_4_1_bundle_5_cluster_l2_v2,mid_scale_mass,30,0.06203703703703705,0.10416666666666674,0.3254318391546461,0.19062989410681752,0.6333333333333333,-0.05324074074074074,0.17223379629629626,0.30813837232553487,0.6162767446510697,False,False
c1_bundle_strategy:v3_1_c1_gpt_4_1_bundle_5_random_l2__vs__v3_1_c2_gpt_4_1_bundle_5_cluster_l2_v2,c1_bundle_strategy,bundle_strategy,v3_1_c1_gpt_4_1_bundle_5_random_l2,v3_1_c2_gpt_4_1_bundle_5_cluster_l2_v2,singleton_rate,29,0.15804597701149425,0.16666666666666669,0.39924583392423346,0.39586130544692744,0.5517241379310345,0.014367816091954018,0.3045977011494253,0.041991601679664065,0.2519496100779844,False,False
c1_bundle_strategy:v3_1_c1_gpt_4_1_bundle_5_random_l2__vs__v3_1_c2_gpt_4_1_bundle_5_cluster_l2_v2,c1_bundle_strategy,bundle_strategy,v3_1_c1_gpt_4_1_bundle_5_random_l2,v3_1_c2_gpt_4_1_bundle_5_cluster_l2_v2,stage_entropy,30,-0.05777429554315368,-0.07528847625086144,0.24974771683513233,-0.2313306254619041,0.3333333333333333,-0.14330458597800175,0.033670166993310484,0.20555888822235552,0.4933413317336532,False,False
c1_bundle_strategy:v3_1_c1_gpt_5_2_bundle_5_random_l2__vs__v3_1_c2_gpt_5_2_bundle_5_cluster_l2_v2,c1_bundle_strategy,bundle_strategy,v3_1_c1_gpt_5_2_bundle_5_random_l2,v3_1_c2_gpt_5_2_bundle_5_cluster_l2_v2,abstain_rate,30,0.11666666666666667,0.0,0.12685406585123124,0.9196919774214262,0.4666666666666667,0.075,0.16666666666666666,0.0003999200159968006,0.004799040191961607,True,True
c1_bundle_strategy:v3_1_c1_gpt_5_2_bundle_5_random_l2__vs__v3_1_c2_gpt_5_2_bundle_5_cluster_l2_v2,c1_bundle_strategy,bundle_strategy,v3_1_c1_gpt_5_2_bundle_5_random_l2,v3_1_c2_gpt_5_2_bundle_5_cluster_l2_v2,mean_expected_stage,30,-0.026388888888888906,-0.04166666666666674,0.3303536602922006,-0.07988072196792889,0.36666666666666664,-0.13194444444444445,0.08756944444444403,0.6588682263547291,0.8668811692207015,False,False
c1_bundle_strategy:v3_1_c1_gpt_5_2_bundle_5_random_l2__vs__v3_1_c2_gpt_5_2_bundle_5_cluster_l2_v2,c1_bundle_strategy,bundle_strategy,v3_1_c1_gpt_5_2_bundle_5_random_l2,v3_1_c2_gpt_5_2_bundle_5_cluster_l2_v2,mean_subset_size,30,-0.011111111111111124,0.0,0.4150735828532465,-0.026769015350802436,0.4666666666666667,-0.15833333333333335,0.13055555555555554,0.8698260347930414,0.8698260347930414,False,False
c1_bundle_strategy:v3_1_c1_gpt_5_2_bundle_5_random_l2__vs__v3_1_c2_gpt_5_2_bundle_5_cluster_l2_v2,c1_bundle_strategy,bundle_strategy,v3_1_c1_gpt_5_2_bundle_5_random_l2,v3_1_c2_gpt_5_2_bundle_5_cluster_l2_v2,mid_scale_mass,30,-0.06296296296296297,0.0,0.2428394861532866,-0.25927810983432537,0.3,-0.14907407407407408,0.02083333333333332,0.15876824635072986,0.4763047390521896,False,False
c1_bundle_strategy:v3_1_c1_gpt_5_2_bundle_5_random_l2__vs__v3_1_c2_gpt_5_2_bundle_5_cluster_l2_v2,c1_bundle_strategy,bundle_strategy,v3_1_c1_gpt_5_2_bundle_5_random_l2,v3_1_c2_gpt_5_2_bundle_5_cluster_l2_v2,singleton_rate,30,0.024999999999999977,0.0,0.3878852676280859,0.06445204828962621,0.4,-0.1027777777777778,0.1694444444444444,0.7468506298740252,0.8668811692207015,False,False
c1_bundle_strategy:v3_1_c1_gpt_5_2_bundle_5_random_l2__vs__v3_1_c2_gpt_5_2_bundle_5_cluster_l2_v2,c1_bundle_strategy,bundle_strategy,v3_1_c1_gpt_5_2_bundle_5_random_l2,v3_1_c2_gpt_5_2_bundle_5_cluster_l2_v2,stage_entropy,30,0.04786351192600746,0.06105072326467548,0.38450281974745343,0.12448156285939556,0.5333333333333333,-0.0833856625899234,0.18127108969212394,0.49350129974005197,0.8359328134373125,False,False
c2_bundle_5_cluster_l2_v2:v3_1_c2_gpt_4_1_bundle_5_cluster_l2_v2__vs__v3_1_c2_gpt_5_2_bundle_5_cluster_l2_v2,c2_bundle_5_cluster_l2_v2,model_comparison,v3_1_c2_gpt_4_1_bundle_5_cluster_l2_v2,v3_1_c2_gpt_5_2_bundle_5_cluster_l2_v2,abstain_rate,30,0.041666666666666664,0.0,0.2185703285117793,0.1906327677245594,0.3333333333333333,-0.041666666666666664,0.11666666666666667,0.4267146570685863,0.4267146570685863,False,False
c2_bundle_5_cluster_l2_v2:v3_1_c2_gpt_4_1_bundle_5_cluster_l2_v2__vs__v3_1_c2_gpt_5_2_bundle_5_cluster_l2_v2,c2_bundle_5_cluster_l2_v2,model_comparison,v3_1_c2_gpt_4_1_bundle_5_cluster_l2_v2,v3_1_c2_gpt_5_2_bundle_5_cluster_l2_v2,mean_expected_stage,30,-0.4333333333333334,-0.5,0.5661043525102368,-0.7654654683572627,0.2,-0.6333333333333333,-0.23194444444444445,0.0003999200159968006,0.0023995200959808036,True,True
c2_bundle_5_cluster_l2_v2:v3_1_c2_gpt_4_1_bundle_5_cluster_l2_v2__vs__v3_1_c2_gpt_5_2_bundle_5_cluster_l2_v2,c2_bundle_5_cluster_l2_v2,model_comparison,v3_1_c2_gpt_4_1_bundle_5_cluster_l2_v2,v3_1_c2_gpt_5_2_bundle_5_cluster_l2_v2,mean_subset_size,30,-0.2916666666666667,-0.25,0.40927348957882753,-0.7126449039414038,0.2,-0.43611111111111106,-0.15000000000000002,0.0011997600479904018,0.0027994401119776045,True,True
c2_bundle_5_cluster_l2_v2:v3_1_c2_gpt_4_1_bundle_5_cluster_l2_v2__vs__v3_1_c2_gpt_5_2_bundle_5_cluster_l2_v2,c2_bundle_5_cluster_l2_v2,model_comparison,v3_1_c2_gpt_4_1_bundle_5_cluster_l2_v2,v3_1_c2_gpt_5_2_bundle_5_cluster_l2_v2,mid_scale_mass,30,0.058333333333333355,0.0,0.3113863724815524,0.1873342525186751,0.43333333333333335,-0.0435185185185185,0.17362268518518514,0.3157368526294741,0.3788842231553689,False,False
c2_bundle_5_cluster_l2_v2:v3_1_c2_gpt_4_1_bundle_5_cluster_l2_v2__vs__v3_1_c2_gpt_5_2_bundle_5_cluster_l2_v2,c2_bundle_5_cluster_l2_v2,model_comparison,v3_1_c2_gpt_4_1_bundle_5_cluster_l2_v2,v3_1_c2_gpt_5_2_bundle_5_cluster_l2_v2,singleton_rate,30,0.20277777777777778,0.20833333333333331,0.3731168125547057,0.5434699562031847,0.6,0.0722222222222222,0.3361805555555552,0.006798640271945611,0.010197960407918417,True,True
c2_bundle_5_cluster_l2_v2:v3_1_c2_gpt_4_1_bundle_5_cluster_l2_v2__vs__v3_1_c2_gpt_5_2_bundle_5_cluster_l2_v2,c2_bundle_5_cluster_l2_v2,model_comparison,v3_1_c2_gpt_4_1_bundle_5_cluster_l2_v2,v3_1_c2_gpt_5_2_bundle_5_cluster_l2_v2,stage_entropy,30,-0.22131099958879835,-0.22723507572484794,0.329069723501188,-0.6725352829003103,0.26666666666666666,-0.33580440619800495,-0.10426069869769375,0.0013997200559888023,0.0027994401119776045,True,True
c2_l3_projection:v3_1_c2_gpt_4_1_bundle_5_cluster_l2_v2__vs__v3_1_c3_gpt_4_1_bundle_5_cluster_l3_v2,c2_l3_projection,evidence_projection,v3_1_c2_gpt_4_1_bundle_5_cluster_l2_v2,v3_1_c3_gpt_4_1_bundle_5_cluster_l3_v2,abstain_rate,30,0.016666666666666666,0.0,0.3074739499291891,0.0542051340300698,0.2,-0.09187499999999998,0.13333333333333333,0.8902219556088782,0.8902219556088782,False,False
c2_l3_projection:v3_1_c2_gpt_4_1_bundle_5_cluster_l2_v2__vs__v3_1_c3_gpt_4_1_bundle_5_cluster_l3_v2,c2_l3_projection,evidence_projection,v3_1_c2_gpt_4_1_bundle_5_cluster_l2_v2,v3_1_c3_gpt_4_1_bundle_5_cluster_l3_v2,mean_expected_stage,29,-0.06896551724137931,-0.125,0.7446299035177929,-0.09261717386794605,0.3448275862068966,-0.3132183908045977,0.19683908045977014,0.6510697860427914,0.7812837432513497,False,False
c2_l3_projection:v3_1_c2_gpt_4_1_bundle_5_cluster_l2_v2__vs__v3_1_c3_gpt_4_1_bundle_5_cluster_l3_v2,c2_l3_projection,evidence_projection,v3_1_c2_gpt_4_1_bundle_5_cluster_l2_v2,v3_1_c3_gpt_4_1_bundle_5_cluster_l3_v2,mean_subset_size,29,0.05747126436781612,0.0,0.6346881843918931,0.09055039274581807,0.4482758620689655,-0.1724137931034483,0.2873563218390805,0.6160767846430714,0.7812837432513497,False,False
c2_l3_projection:v3_1_c2_gpt_4_1_bundle_5_cluster_l2_v2__vs__v3_1_c3_gpt_4_1_bundle_5_cluster_l3_v2,c2_l3_projection,evidence_projection,v3_1_c2_gpt_4_1_bundle_5_cluster_l2_v2,v3_1_c3_gpt_4_1_bundle_5_cluster_l3_v2,mid_scale_mass,30,-0.025925925925925925,-0.04166666666666663,0.3011201357787627,-0.08609828053801782,0.36666666666666664,-0.1347337962962963,0.07964120370370363,0.6354729054189162,0.7812837432513497,False,False
c2_l3_projection:v3_1_c2_gpt_4_1_bundle_5_cluster_l2_v2__vs__v3_1_c3_gpt_4_1_bundle_5_cluster_l3_v2,c2_l3_projection,evidence_projection,v3_1_c2_gpt_4_1_bundle_5_cluster_l2_v2,v3_1_c3_gpt_4_1_bundle_5_cluster_l3_v2,singleton_rate,29,-0.07758620689655174,0.0,0.4954810846034196,-0.1565876262635764,0.3793103448275862,-0.26436781609195403,0.09482758620689655,0.3843231353729254,0.7812837432513497,False,False
c2_l3_projection:v3_1_c2_gpt_4_1_bundle_5_cluster_l2_v2__vs__v3_1_c3_gpt_4_1_bundle_5_cluster_l3_v2,c2_l3_projection,evidence_projection,v3_1_c2_gpt_4_1_bundle_5_cluster_l2_v2,v3_1_c3_gpt_4_1_bundle_5_cluster_l3_v2,stage_entropy,30,-0.039822285183739044,-0.0022759097279367313,0.37941225811106405,-0.10495782445722142,0.43333333333333335,-0.17752441194320556,0.09091773741833753,0.5590881823635273,0.7812837432513497,False,False
c2_l3_projection:v3_1_c2_gpt_5_2_bundle_5_cluster_l2_v2__vs__v3_1_c3_gpt_5_2_bundle_5_cluster_l3_v2,c2_l3_projection,evidence_projection,v3_1_c2_gpt_5_2_bundle_5_cluster_l2_v2,v3_1_c3_gpt_5_2_bundle_5_cluster_l3_v2,abstain_rate,30,0.025,0.0,0.20075289322430956,0.12453120649208509,0.3,-0.041666666666666664,0.09187499999999886,0.6502699460107978,0.7812837432513497,False,False
c2_l3_projection:v3_1_c2_gpt_5_2_bundle_5_cluster_l2_v2__vs__v3_1_c3_gpt_5_2_bundle_5_cluster_l3_v2,c2_l3_projection,evidence_projection,v3_1_c2_gpt_5_2_bundle_5_cluster_l2_v2,v3_1_c3_gpt_5_2_bundle_5_cluster_l3_v2,mean_expected_stage,30,0.06805555555555556,0.0,0.4195993535466984,0.16219175501656596,0.43333333333333335,-0.07232638888888888,0.20975694444444432,0.3795240951809638,0.7812837432513497,False,False
c2_l3_projection:v3_1_c2_gpt_5_2_bundle_5_cluster_l2_v2__vs__v3_1_c3_gpt_5_2_bundle_5_cluster_l3_v2,c2_l3_projection,evidence_projection,v3_1_c2_gpt_5_2_bundle_5_cluster_l2_v2,v3_1_c3_gpt_5_2_bundle_5_cluster_l3_v2,mean_subset_size,30,0.02222222222222224,0.0,0.3751968406329471,0.05922816989805656,0.4,-0.10555555555555557,0.15006944444444412,0.7306538692261547,0.7970769482467142,False,False
c2_l3_projection:v3_1_c2_gpt_5_2_bundle_5_cluster_l2_v2__vs__v3_1_c3_gpt_5_2_bundle_5_cluster_l3_v2,c2_l3_projection,evidence_projection,v3_1_c2_gpt_5_2_bundle_5_cluster_l2_v2,v3_1_c3_gpt_5_2_bundle_5_cluster_l3_v2,mid_scale_mass,30,0.02962962962962962,0.0,0.24812336659773723,0.11941491055804426,0.3333333333333333,-0.05834490740740742,0.1175925925925926,0.51749650069986,0.7812837432513497,False,False
c2_l3_projection:v3_1_c2_gpt_5_2_bundle_5_cluster_l2_v2__vs__v3_1_c3_gpt_5_2_bundle_5_cluster_l3_v2,c2_l3_projection,evidence_projection,v3_1_c2_gpt_5_2_bundle_5_cluster_l2_v2,v3_1_c3_gpt_5_2_bundle_5_cluster_l3_v2,singleton_rate,30,-0.04444444444444444,0.0,0.35472544380874754,-0.1252925191022016,0.43333333333333335,-0.16944444444444445,0.08055555555555556,0.5166966606678665,0.7812837432513497,False,False
c2_l3_projection:v3_1_c2_gpt_5_2_bundle_5_cluster_l2_v2__vs__v3_1_c3_gpt_5_2_bundle_5_cluster_l3_v2,c2_l3_projection,evidence_projection,v3_1_c2_gpt_5_2_bundle_5_cluster_l2_v2,v3_1_c3_gpt_5_2_bundle_5_cluster_l3_v2,stage_entropy,30,0.04852126422783733,0.06692842031488411,0.3710357167649442,0.13077248910399686,0.5,-0.0731952324384964,0.180850684743737,0.4875024995001,0.7812837432513497,False,False
c3_bundle_5_cluster_l3_v2:v3_1_c3_gpt_4_1_bundle_5_cluster_l3_v2__vs__v3_1_c3_gpt_5_2_bundle_5_cluster_l3_v2,c3_bundle_5_cluster_l3_v2,model_comparison,v3_1_c3_gpt_4_1_bundle_5_cluster_l3_v2,v3_1_c3_gpt_5_2_bundle_5_cluster_l3_v2,abstain_rate,30,0.05,0.0,0.30371265912099354,0.16462929185997782,0.4666666666666667,-0.06666666666666667,0.14166666666666666,0.47070585882823435,0.4707058588282343,False,False
c3_bundle_5_cluster_l3_v2:v3_1_c3_gpt_4_1_bundle_5_cluster_l3_v2__vs__v3_1_c3_gpt_5_2_bundle_5_cluster_l3_v2,c3_bundle_5_cluster_l3_v2,model_comparison,v3_1_c3_gpt_4_1_bundle_5_cluster_l3_v2,v3_1_c3_gpt_5_2_bundle_5_cluster_l3_v2,mean_expected_stage,29,-0.3089080459770115,-0.25,0.523210911496636,-0.5904082640275701,0.3448275862068966,-0.4971264367816091,-0.1278735632183908,0.003999200159968006,0.011597680463907219,True,True
c3_bundle_5_cluster_l3_v2:v3_1_c3_gpt_4_1_bundle_5_cluster_l3_v2__vs__v3_1_c3_gpt_5_2_bundle_5_cluster_l3_v2,c3_bundle_5_cluster_l3_v2,model_comparison,v3_1_c3_gpt_4_1_bundle_5_cluster_l3_v2,v3_1_c3_gpt_5_2_bundle_5_cluster_l3_v2,mean_subset_size,29,-0.3362068965517242,-0.25,0.4653056037394927,-0.7225507147340394,0.1724137931034483,-0.49999999999999994,-0.16091954022988503,0.0007998400319936012,0.004799040191961607,True,True
c3_bundle_5_cluster_l3_v2:v3_1_c3_gpt_4_1_bundle_5_cluster_l3_v2__vs__v3_1_c3_gpt_5_2_bundle_5_cluster_l3_v2,c3_bundle_5_cluster_l3_v2,model_comparison,v3_1_c3_gpt_4_1_bundle_5_cluster_l3_v2,v3_1_c3_gpt_5_2_bundle_5_cluster_l3_v2,mid_scale_mass,30,0.1138888888888889,0.10416666666666669,0.2755031389399632,0.4133850863808387,0.6,0.019444444444444445,0.22781249999999983,0.02979404119176165,0.035752849430113975,True,True
c3_bundle_5_cluster_l3_v2:v3_1_c3_gpt_4_1_bundle_5_cluster_l3_v2__vs__v3_1_c3_gpt_5_2_bundle_5_cluster_l3_v2,c3_bundle_5_cluster_l3_v2,model_comparison,v3_1_c3_gpt_4_1_bundle_5_cluster_l3_v2,v3_1_c3_gpt_5_2_bundle_5_cluster_l3_v2,singleton_rate,29,0.25,0.25,0.42198980654205004,0.5924313718584769,0.6551724137931034,0.10344827586206895,0.4022988505747126,0.0057988402319536095,0.011597680463907219,True,True
c3_bundle_5_cluster_l3_v2:v3_1_c3_gpt_4_1_bundle_5_cluster_l3_v2__vs__v3_1_c3_gpt_5_2_bundle_5_cluster_l3_v2,c3_bundle_5_cluster_l3_v2,model_comparison,v3_1_c3_gpt_4_1_bundle_5_cluster_l3_v2,v3_1_c3_gpt_5_2_bundle_5_cluster_l3_v2,stage_entropy,30,-0.13296745017722197,-0.13385684062976821,0.28059746821593406,-0.4738725941564688,0.23333333333333334,-0.23795060200962187,-0.03376452033809653,0.015196960607878424,0.022795440911817635,True,True
c4_small_model_scale:v3_b1_gpt_4_1_mini_abstain_true__vs__v3_1_c4_gpt_4_1_mini_scale_5,c4_small_model_scale,scale_size,v3_b1_gpt_4_1_mini_abstain_true,v3_1_c4_gpt_4_1_mini_scale_5,abstain_rate,30,-0.32500000000000007,-0.35,0.20625979600561004,-1.575682737469402,0.03333333333333333,-0.3966666666666666,-0.2516666666666667,0.0001999600079984003,0.0011997600479904018,True,True
c4_small_model_scale:v3_b1_gpt_4_1_mini_abstain_true__vs__v3_1_c4_gpt_4_1_mini_scale_5,c4_small_model_scale,scale_size,v3_b1_gpt_4_1_mini_abstain_true,v3_1_c4_gpt_4_1_mini_scale_5,mean_expected_stage,30,0.0442316730397226,-0.026388888888888906,0.46662440298814223,0.09479074123958023,0.4666666666666667,-0.12385970077465822,0.20664930474653725,0.5972805438912218,0.5972805438912218,False,False
c4_small_model_scale:v3_b1_gpt_4_1_mini_abstain_true__vs__v3_1_c4_gpt_4_1_mini_scale_5,c4_small_model_scale,scale_size,v3_b1_gpt_4_1_mini_abstain_true,v3_1_c4_gpt_4_1_mini_scale_5,mean_subset_size,30,0.037452641527718926,0.0819143446852425,0.15426853055399486,0.2427756418838143,0.6,-0.016215914657381373,0.0938203942278052,0.1939612077584483,0.29094181163767247,False,False
c4_small_model_scale:v3_b1_gpt_4_1_mini_abstain_true__vs__v3_1_c4_gpt_4_1_mini_scale_5,c4_small_model_scale,scale_size,v3_b1_gpt_4_1_mini_abstain_true,v3_1_c4_gpt_4_1_mini_scale_5,mid_scale_mass,30,-0.1382954671460863,-0.11388888888888893,0.30623555152762105,-0.4515983413950965,0.3333333333333333,-0.25121931720562724,-0.03300526156205338,0.02519496100779844,0.06046790641871626,True,False
c4_small_model_scale:v3_b1_gpt_4_1_mini_abstain_true__vs__v3_1_c4_gpt_4_1_mini_scale_5,c4_small_model_scale,scale_size,v3_b1_gpt_4_1_mini_abstain_true,v3_1_c4_gpt_4_1_mini_scale_5,singleton_rate,30,-0.030610536264561037,-0.050000000000000044,0.14909703906620977,-0.2053061312033686,0.36666666666666664,-0.07997653323127393,0.022260871850171254,0.2695460907818436,0.3593947877091248,False,False
c4_small_model_scale:v3_b1_gpt_4_1_mini_abstain_true__vs__v3_1_c4_gpt_4_1_mini_scale_5,c4_small_model_scale,scale_size,v3_b1_gpt_4_1_mini_abstain_true,v3_1_c4_gpt_4_1_mini_scale_5,stage_entropy,30,0.018502445008788164,0.03898785834536134,0.18066835348509944,0.10241110106930901,0.6,-0.04160166275724941,0.08052233858140284,0.5766846630673865,0.5972805438912218,False,False
c4_small_model_scale:v3_b1_gpt_5_2_chat_abstain_true__vs__v3_1_c4_gpt_5_2_chat_scale_5,c4_small_model_scale,scale_size,v3_b1_gpt_5_2_chat_abstain_true,v3_1_c4_gpt_5_2_chat_scale_5,abstain_rate,30,-0.195,-0.225,0.19491377403956045,-1.0004423800260624,0.1,-0.26166666666666666,-0.12333333333333334,0.0001999600079984003,0.0011997600479904018,True,True
c4_small_model_scale:v3_b1_gpt_5_2_chat_abstain_true__vs__v3_1_c4_gpt_5_2_chat_scale_5,c4_small_model_scale,scale_size,v3_b1_gpt_5_2_chat_abstain_true,v3_1_c4_gpt_5_2_chat_scale_5,mean_expected_stage,30,-0.0664575755771576,-0.1428571428571428,0.49304284351419264,-0.13479067073254167,0.4666666666666667,-0.24120231390950236,0.10839068957286827,0.4491101779644071,0.5389322135572885,False,False
c4_small_model_scale:v3_b1_gpt_5_2_chat_abstain_true__vs__v3_1_c4_gpt_5_2_chat_scale_5,c4_small_model_scale,scale_size,v3_b1_gpt_5_2_chat_abstain_true,v3_1_c4_gpt_5_2_chat_scale_5,mean_subset_size,30,-0.079027700742097,-0.03436797121007651,0.29160504479872024,-0.27100937432905425,0.4,-0.18298116353747157,0.02094787084618739,0.15276944611077783,0.2618904790470477,False,False
c4_small_model_scale:v3_b1_gpt_5_2_chat_abstain_true__vs__v3_1_c4_gpt_5_2_chat_scale_5,c4_small_model_scale,scale_size,v3_b1_gpt_5_2_chat_abstain_true,v3_1_c4_gpt_5_2_chat_scale_5,mid_scale_mass,30,-0.15187120277097058,-0.13940467427309539,0.20284806345643175,-0.7486943685000468,0.3,-0.22761270468294462,-0.08154515619685912,0.0003999200159968006,0.0015996800639872025,True,True
c4_small_model_scale:v3_b1_gpt_5_2_chat_abstain_true__vs__v3_1_c4_gpt_5_2_chat_scale_5,c4_small_model_scale,scale_size,v3_b1_gpt_5_2_chat_abstain_true,v3_1_c4_gpt_5_2_chat_scale_5,singleton_rate,30,0.08418292950026697,0.04007936507936505,0.2813381114204296,0.29922334046831156,0.6333333333333333,-0.014417934769908446,0.1891504922844897,0.11597680463907219,0.23195360927814437,False,False
c4_small_model_scale:v3_b1_gpt_5_2_chat_abstain_true__vs__v3_1_c4_gpt_5_2_chat_scale_5,c4_small_model_scale,scale_size,v3_b1_gpt_5_2_chat_abstain_true,v3_1_c4_gpt_5_2_chat_scale_5,stage_entropy,30,0.0752365329322811,0.043754032207298454,0.17000500776334607,0.4425548042503161,0.6333333333333333,0.017441721959057396,0.13301743744242833,0.01899620075984803,0.05698860227954409,True,False
c4_small_model_scale_5:v3_1_c4_gpt_4_1_mini_scale_5__vs__v3_1_c4_gpt_5_2_chat_scale_5,c4_small_model_scale_5,model_comparison,v3_1_c4_gpt_4_1_mini_scale_5,v3_1_c4_gpt_5_2_chat_scale_5,abstain_rate,30,0.11333333333333334,0.07500000000000001,0.2038142043260417,0.5560619963073523,0.6,0.04333333333333333,0.18333333333333338,0.0061987602479504095,0.01239752049590082,True,True
c4_small_model_scale_5:v3_1_c4_gpt_4_1_mini_scale_5__vs__v3_1_c4_gpt_5_2_chat_scale_5,c4_small_model_scale_5,model_comparison,v3_1_c4_gpt_4_1_mini_scale_5,v3_1_c4_gpt_5_2_chat_scale_5,mean_expected_stage,30,0.41052898948603284,0.3078947368421051,0.621009861361249,0.6610667801412304,0.7666666666666667,0.1947797821445267,0.6291014001979558,0.0013997200559888023,0.004199160167966407,True,True
c4_small_model_scale_5:v3_1_c4_gpt_4_1_mini_scale_5__vs__v3_1_c4_gpt_5_2_chat_scale_5,c4_small_model_scale_5,model_comparison,v3_1_c4_gpt_4_1_mini_scale_5,v3_1_c4_gpt_5_2_chat_scale_5,mean_subset_size,30,0.0766564822060178,0.05833333333333335,0.20848276139808053,0.3676873890769732,0.5666666666666667,0.005819104542401746,0.14835719231462255,0.052189562087582485,0.060187962407518496,True,False
c4_small_model_scale_5:v3_1_c4_gpt_4_1_mini_scale_5__vs__v3_1_c4_gpt_5_2_chat_scale_5,c4_small_model_scale_5,model_comparison,v3_1_c4_gpt_4_1_mini_scale_5,v3_1_c4_gpt_5_2_chat_scale_5,mid_scale_mass,30,0.23202245416835196,0.2603070175438596,0.2691677051473552,0.8619995999941071,0.8333333333333334,0.13575361732637278,0.325001600201484,0.0001999600079984003,0.0011997600479904018,True,True
c4_small_model_scale_5:v3_1_c4_gpt_4_1_mini_scale_5__vs__v3_1_c4_gpt_5_2_chat_scale_5,c4_small_model_scale_5,model_comparison,v3_1_c4_gpt_4_1_mini_scale_5,v3_1_c4_gpt_5_2_chat_scale_5,singleton_rate,30,-0.07318462855227563,-0.05833333333333335,0.19787562034784087,-0.36985166956710536,0.4,-0.14378913972809093,-0.004508871041669045,0.060187962407518496,0.060187962407518496,True,False
c4_small_model_scale_5:v3_1_c4_gpt_4_1_mini_scale_5__vs__v3_1_c4_gpt_5_2_chat_scale_5,c4_small_model_scale_5,model_comparison,v3_1_c4_gpt_4_1_mini_scale_5,v3_1_c4_gpt_5_2_chat_scale_5,stage_entropy,30,0.10147034354244625,0.08696940916634854,0.21169467494036234,0.4793240244282574,0.6666666666666666,0.02830957951429827,0.17490094795142674,0.016796640671865627,0.02519496100779844,True,True
c5_small_model_bundle_5_cluster_l2:v3_1_c5_gpt_4_1_mini_bundle_5_cluster_l2__vs__v3_1_c5_gpt_5_2_chat_bundle_5_cluster_l2,c5_small_model_bundle_5_cluster_l2,model_comparison,v3_1_c5_gpt_4_1_mini_bundle_5_cluster_l2,v3_1_c5_gpt_5_2_chat_bundle_5_cluster_l2,abstain_rate,30,-0.13333333333333333,0.0,0.25200346649686545,-0.5290932509255455,0.06666666666666667,-0.225,-0.05,0.006798640271945611,0.013597280543891222,True,True
c5_small_model_bundle_5_cluster_l2:v3_1_c5_gpt_4_1_mini_bundle_5_cluster_l2__vs__v3_1_c5_gpt_5_2_chat_bundle_5_cluster_l2,c5_small_model_bundle_5_cluster_l2,model_comparison,v3_1_c5_gpt_4_1_mini_bundle_5_cluster_l2,v3_1_c5_gpt_5_2_chat_bundle_5_cluster_l2,mean_expected_stage,29,0.25,0.3333333333333335,0.5032138773416392,0.4968066487368975,0.6896551724137931,0.058908045977011506,0.4324712643678161,0.014397120575884824,0.020155968806238753,True,True
c5_small_model_bundle_5_cluster_l2:v3_1_c5_gpt_4_1_mini_bundle_5_cluster_l2__vs__v3_1_c5_gpt_5_2_chat_bundle_5_cluster_l2,c5_small_model_bundle_5_cluster_l2,model_comparison,v3_1_c5_gpt_4_1_mini_bundle_5_cluster_l2,v3_1_c5_gpt_5_2_chat_bundle_5_cluster_l2,mean_subset_size,29,0.27586206896551724,0.25,0.36805975098557914,0.7495034929160883,0.7241379310344828,0.14367816091954025,0.40804597701149425,0.0011997600479904018,0.007198560287942411,True,True
c5_small_model_bundle_5_cluster_l2:v3_1_c5_gpt_4_1_mini_bundle_5_cluster_l2__vs__v3_1_c5_gpt_5_2_chat_bundle_5_cluster_l2,c5_small_model_bundle_5_cluster_l2,model_comparison,v3_1_c5_gpt_4_1_mini_bundle_5_cluster_l2,v3_1_c5_gpt_5_2_chat_bundle_5_cluster_l2,mid_scale_mass,30,0.15694444444444447,0.125,0.3321969374275909,0.4724439835591613,0.5666666666666667,0.04024305555555557,0.2777777777777778,0.016796640671865627,0.020155968806238753,True,True
c5_small_model_bundle_5_cluster_l2:v3_1_c5_gpt_4_1_mini_bundle_5_cluster_l2__vs__v3_1_c5_gpt_5_2_chat_bundle_5_cluster_l2,c5_small_model_bundle_5_cluster_l2,model_comparison,v3_1_c5_gpt_4_1_mini_bundle_5_cluster_l2,v3_1_c5_gpt_5_2_chat_bundle_5_cluster_l2,singleton_rate,29,-0.22413793103448276,-0.16666666666666669,0.3557237817000644,-0.63008981284099,0.13793103448275862,-0.34777298850574717,-0.09770114942528736,0.0023995200959808036,0.007198560287942411,True,True
c5_small_model_bundle_5_cluster_l2:v3_1_c5_gpt_4_1_mini_bundle_5_cluster_l2__vs__v3_1_c5_gpt_5_2_chat_bundle_5_cluster_l2,c5_small_model_bundle_5_cluster_l2,model_comparison,v3_1_c5_gpt_4_1_mini_bundle_5_cluster_l2,v3_1_c5_gpt_5_2_chat_bundle_5_cluster_l2,stage_entropy,30,0.0973811765964718,0.06644096171661601,0.2962214628019869,0.32874449972440895,0.6333333333333333,-0.005580497714607383,0.19757660654817272,0.08098380323935213,0.08098380323935213,True,False
c6_bundle_5_cluster_l2_scale_7:v3_1_c6_gpt_4_1_bundle_5_cluster_l2_scale_7__vs__v3_1_c6_gpt_5_2_bundle_5_cluster_l2_scale_7,c6_bundle_5_cluster_l2_scale_7,model_comparison,v3_1_c6_gpt_4_1_bundle_5_cluster_l2_scale_7,v3_1_c6_gpt_5_2_bundle_5_cluster_l2_scale_7,abstain_rate,30,0.03333333333333333,0.0,0.10854312136382618,0.3070976116635082,0.16666666666666666,0.0,0.075,0.21875624875024996,0.21875624875025,False,False
c6_bundle_5_cluster_l2_scale_7:v3_1_c6_gpt_4_1_bundle_5_cluster_l2_scale_7__vs__v3_1_c6_gpt_5_2_bundle_5_cluster_l2_scale_7,c6_bundle_5_cluster_l2_scale_7,model_comparison,v3_1_c6_gpt_4_1_bundle_5_cluster_l2_scale_7,v3_1_c6_gpt_5_2_bundle_5_cluster_l2_scale_7,mean_expected_stage,30,-0.16388888888888895,-0.22916666666666674,0.4919044492872654,-0.3331722027039038,0.36666666666666664,-0.3403125000000001,0.009722222222222172,0.07758448310337933,0.09310137972405519,True,False
c6_bundle_5_cluster_l2_scale_7:v3_1_c6_gpt_4_1_bundle_5_cluster_l2_scale_7__vs__v3_1_c6_gpt_5_2_bundle_5_cluster_l2_scale_7,c6_bundle_5_cluster_l2_scale_7,model_comparison,v3_1_c6_gpt_4_1_bundle_5_cluster_l2_scale_7,v3_1_c6_gpt_5_2_bundle_5_cluster_l2_scale_7,mean_subset_size,30,-0.5555555555555556,-0.5,0.6732197089365689,-0.8252217636841352,0.2,-0.7944444444444445,-0.3304166666666674,0.0001999600079984003,0.0005998800239952009,True,True
c6_bundle_5_cluster_l2_scale_7:v3_1_c6_gpt_4_1_bundle_5_cluster_l2_scale_7__vs__v3_1_c6_gpt_5_2_bundle_5_cluster_l2_scale_7,c6_bundle_5_cluster_l2_scale_7,model_comparison,v3_1_c6_gpt_4_1_bundle_5_cluster_l2_scale_7,v3_1_c6_gpt_5_2_bundle_5_cluster_l2_scale_7,mid_scale_mass,30,0.03500000000000001,0.0,0.10605247020593911,0.3300253160726468,0.43333333333333335,0.0008333333333333488,0.07777777777777777,0.04319136172765447,0.0647870425914817,True,False
c6_bundle_5_cluster_l2_scale_7:v3_1_c6_gpt_4_1_bundle_5_cluster_l2_scale_7__vs__v3_1_c6_gpt_5_2_bundle_5_cluster_l2_scale_7,c6_bundle_5_cluster_l2_scale_7,model_comparison,v3_1_c6_gpt_4_1_bundle_5_cluster_l2_scale_7,v3_1_c6_gpt_5_2_bundle_5_cluster_l2_scale_7,singleton_rate,30,0.27777777777777773,0.25,0.43347330483266694,0.6408186494552597,0.6333333333333333,0.12222222222222223,0.43611111111111106,0.003199360127974405,0.00639872025594881,True,True
c6_bundle_5_cluster_l2_scale_7:v3_1_c6_gpt_4_1_bundle_5_cluster_l2_scale_7__vs__v3_1_c6_gpt_5_2_bundle_5_cluster_l2_scale_7,c6_bundle_5_cluster_l2_scale_7,model_comparison,v3_1_c6_gpt_4_1_bundle_5_cluster_l2_scale_7,v3_1_c6_gpt_5_2_bundle_5_cluster_l2_scale_7,stage_entropy,30,-0.24711498474515714,-0.24604707671678278,0.25328548547484303,-0.9756381589804964,0.16666666666666666,-0.3369706579469129,-0.16105433852363935,0.0001999600079984003,0.0005998800239952009,True,True
c6_scale_probe:v3_1_c2_gpt_4_1_bundle_5_cluster_l2_v2__vs__v3_1_c6_gpt_4_1_bundle_5_cluster_l2_scale_7,c6_scale_probe,scale_probe,v3_1_c2_gpt_4_1_bundle_5_cluster_l2_v2,v3_1_c6_gpt_4_1_bundle_5_cluster_l2_scale_7,abstain_rate,30,-0.06666666666666667,0.0,0.20692049669866683,-0.3221849344569846,0.03333333333333333,-0.15,0.0,0.15676864627074585,0.18812237552489502,False,False
c6_scale_probe:v3_1_c2_gpt_4_1_bundle_5_cluster_l2_v2__vs__v3_1_c6_gpt_4_1_bundle_5_cluster_l2_scale_7,c6_scale_probe,scale_probe,v3_1_c2_gpt_4_1_bundle_5_cluster_l2_v2,v3_1_c6_gpt_4_1_bundle_5_cluster_l2_scale_7,mean_expected_stage,30,1.326388888888889,1.375,0.5300007379690759,2.502617060443188,0.9666666666666667,1.1429861111111113,1.5014930555555552,0.0001999600079984003,0.0007998400319936012,True,True
c6_scale_probe:v3_1_c2_gpt_4_1_bundle_5_cluster_l2_v2__vs__v3_1_c6_gpt_4_1_bundle_5_cluster_l2_scale_7,c6_scale_probe,scale_probe,v3_1_c2_gpt_4_1_bundle_5_cluster_l2_v2,v3_1_c6_gpt_4_1_bundle_5_cluster_l2_scale_7,mean_subset_size,30,0.5111111111111112,0.5,0.5964186432000406,0.856967026330334,0.8333333333333334,0.30833333333333335,0.7277777777777779,0.0003999200159968006,0.0009598080383923215,True,True
c6_scale_probe:v3_1_c2_gpt_4_1_bundle_5_cluster_l2_v2__vs__v3_1_c6_gpt_4_1_bundle_5_cluster_l2_scale_7,c6_scale_probe,scale_probe,v3_1_c2_gpt_4_1_bundle_5_cluster_l2_v2,v3_1_c6_gpt_4_1_bundle_5_cluster_l2_scale_7,mid_scale_mass,30,0.15157407407407408,0.11805555555555547,0.20911625981204957,0.7248316042487872,0.6666666666666666,0.08610416666666665,0.22843055555555553,0.0001999600079984003,0.0007998400319936012,True,True
c6_scale_probe:v3_1_c2_gpt_4_1_bundle_5_cluster_l2_v2__vs__v3_1_c6_gpt_4_1_bundle_5_cluster_l2_scale_7,c6_scale_probe,scale_probe,v3_1_c2_gpt_4_1_bundle_5_cluster_l2_v2,v3_1_c6_gpt_4_1_bundle_5_cluster_l2_scale_7,singleton_rate,30,-0.30277777777777776,-0.25,0.426315483466373,-0.7102199885303024,0.1,-0.44722222222222224,-0.15277777777777776,0.0003999200159968006,0.0009598080383923215,True,True
c6_scale_probe:v3_1_c2_gpt_4_1_bundle_5_cluster_l2_v2__vs__v3_1_c6_gpt_4_1_bundle_5_cluster_l2_scale_7,c6_scale_probe,scale_probe,v3_1_c2_gpt_4_1_bundle_5_cluster_l2_v2,v3_1_c6_gpt_4_1_bundle_5_cluster_l2_scale_7,stage_entropy,30,-0.041144672123575844,-0.055933395965032495,0.2473943984941535,-0.16631206031347628,0.4,-0.12632856488934316,0.04865869146598393,0.3729254149170166,0.37292541491701653,False,False
c6_scale_probe:v3_1_c2_gpt_5_2_bundle_5_cluster_l2_v2__vs__v3_1_c6_gpt_5_2_bundle_5_cluster_l2_scale_7,c6_scale_probe,scale_probe,v3_1_c2_gpt_5_2_bundle_5_cluster_l2_v2,v3_1_c6_gpt_5_2_bundle_5_cluster_l2_scale_7,abstain_rate,30,-0.075,0.0,0.1489908583171094,-0.5033865892655734,0.06666666666666667,-0.125,-0.016666666666666666,0.022195560887822437,0.029594081183763252,True,True
c6_scale_probe:v3_1_c2_gpt_5_2_bundle_5_cluster_l2_v2__vs__v3_1_c6_gpt_5_2_bundle_5_cluster_l2_scale_7,c6_scale_probe,scale_probe,v3_1_c2_gpt_5_2_bundle_5_cluster_l2_v2,v3_1_c6_gpt_5_2_bundle_5_cluster_l2_scale_7,mean_expected_stage,30,1.5958333333333334,1.625,0.4106097115863703,3.8864968078029873,1.0,1.4569444444444444,1.7388888888888885,0.0001999600079984003,0.0007998400319936012,True,True
c6_scale_probe:v3_1_c2_gpt_5_2_bundle_5_cluster_l2_v2__vs__v3_1_c6_gpt_5_2_bundle_5_cluster_l2_scale_7,c6_scale_probe,scale_probe,v3_1_c2_gpt_5_2_bundle_5_cluster_l2_v2,v3_1_c6_gpt_5_2_bundle_5_cluster_l2_scale_7,mean_subset_size,30,0.24722222222222223,0.25,0.5199484820731926,0.4754744570778861,0.6666666666666666,0.07215277777777779,0.43333333333333335,0.01879624075184963,0.028194361127774445,True,True
c6_scale_probe:v3_1_c2_gpt_5_2_bundle_5_cluster_l2_v2__vs__v3_1_c6_gpt_5_2_bundle_5_cluster_l2_scale_7,c6_scale_probe,scale_probe,v3_1_c2_gpt_5_2_bundle_5_cluster_l2_v2,v3_1_c6_gpt_5_2_bundle_5_cluster_l2_scale_7,mid_scale_mass,30,0.12824074074074074,0.0,0.20680098441452752,0.6201166841821474,0.36666666666666664,0.05925925925925926,0.2014120370370369,0.0015996800639872025,0.003199360127974405,True,True
c6_scale_probe:v3_1_c2_gpt_5_2_bundle_5_cluster_l2_v2__vs__v3_1_c6_gpt_5_2_bundle_5_cluster_l2_scale_7,c6_scale_probe,scale_probe,v3_1_c2_gpt_5_2_bundle_5_cluster_l2_v2,v3_1_c6_gpt_5_2_bundle_5_cluster_l2_scale_7,singleton_rate,30,-0.22777777777777777,-0.20833333333333331,0.4452459248423966,-0.5115774565671861,0.26666666666666666,-0.380625,-0.06666666666666665,0.012997400519896021,0.022281258034107465,True,True
c6_scale_probe:v3_1_c2_gpt_5_2_bundle_5_cluster_l2_v2__vs__v3_1_c6_gpt_5_2_bundle_5_cluster_l2_scale_7,c6_scale_probe,scale_probe,v3_1_c2_gpt_5_2_bundle_5_cluster_l2_v2,v3_1_c6_gpt_5_2_bundle_5_cluster_l2_scale_7,stage_entropy,30,-0.06694865727993456,-0.08867138314267449,0.3461289977532093,-0.1934211167354117,0.36666666666666664,-0.18901544692412203,0.05766047489263437,0.29014197160567884,0.3165185144789224,False,False
c7_bundle_5_cluster_l2_scale_9:v3_1_c7_gpt_4_1_bundle_5_cluster_l2_scale_9__vs__v3_1_c7_gpt_5_2_bundle_5_cluster_l2_scale_9,c7_bundle_5_cluster_l2_scale_9,model_comparison,v3_1_c7_gpt_4_1_bundle_5_cluster_l2_scale_9,v3_1_c7_gpt_5_2_bundle_5_cluster_l2_scale_9,abstain_rate,30,0.03333333333333333,0.0,0.10854312136382618,0.3070976116635082,0.16666666666666666,0.0,0.075,0.21535692861427713,0.25842831433713254,False,False
c7_bundle_5_cluster_l2_scale_9:v3_1_c7_gpt_4_1_bundle_5_cluster_l2_scale_9__vs__v3_1_c7_gpt_5_2_bundle_5_cluster_l2_scale_9,c7_bundle_5_cluster_l2_scale_9,model_comparison,v3_1_c7_gpt_4_1_bundle_5_cluster_l2_scale_9,v3_1_c7_gpt_5_2_bundle_5_cluster_l2_scale_9,mean_expected_stage,30,0.13319444444444445,0.125,0.7171181036442232,0.18573571601048983,0.6333333333333333,-0.1310416666666666,0.389923611111111,0.3169366126774645,0.3169366126774645,False,False
c7_bundle_5_cluster_l2_scale_9:v3_1_c7_gpt_4_1_bundle_5_cluster_l2_scale_9__vs__v3_1_c7_gpt_5_2_bundle_5_cluster_l2_scale_9,c7_bundle_5_cluster_l2_scale_9,model_comparison,v3_1_c7_gpt_4_1_bundle_5_cluster_l2_scale_9,v3_1_c7_gpt_5_2_bundle_5_cluster_l2_scale_9,mean_subset_size,30,-0.8194444444444445,-0.75,0.789988643079206,-1.037286360536053,0.1,-1.088888888888889,-0.5611111111111111,0.0001999600079984003,0.0003999200159968006,True,True
c7_bundle_5_cluster_l2_scale_9:v3_1_c7_gpt_4_1_bundle_5_cluster_l2_scale_9__vs__v3_1_c7_gpt_5_2_bundle_5_cluster_l2_scale_9,c7_bundle_5_cluster_l2_scale_9,model_comparison,v3_1_c7_gpt_4_1_bundle_5_cluster_l2_scale_9,v3_1_c7_gpt_5_2_bundle_5_cluster_l2_scale_9,mid_scale_mass,30,0.0375,0.0,0.07973555430728285,0.4703046254056685,0.43333333333333335,0.01319444444444445,0.06944444444444448,0.0027994401119776045,0.004199160167966407,True,True
c7_bundle_5_cluster_l2_scale_9:v3_1_c7_gpt_4_1_bundle_5_cluster_l2_scale_9__vs__v3_1_c7_gpt_5_2_bundle_5_cluster_l2_scale_9,c7_bundle_5_cluster_l2_scale_9,model_comparison,v3_1_c7_gpt_4_1_bundle_5_cluster_l2_scale_9,v3_1_c7_gpt_5_2_bundle_5_cluster_l2_scale_9,singleton_rate,30,0.3055555555555555,0.25,0.3741742718253633,0.8166129490008499,0.7,0.1722222222222222,0.4334027777777774,0.0001999600079984003,0.0003999200159968006,True,True
c7_bundle_5_cluster_l2_scale_9:v3_1_c7_gpt_4_1_bundle_5_cluster_l2_scale_9__vs__v3_1_c7_gpt_5_2_bundle_5_cluster_l2_scale_9,c7_bundle_5_cluster_l2_scale_9,model_comparison,v3_1_c7_gpt_4_1_bundle_5_cluster_l2_scale_9,v3_1_c7_gpt_5_2_bundle_5_cluster_l2_scale_9,stage_entropy,30,-0.2633115224026412,-0.2140520966791164,0.23139076462352426,-1.1379517364534943,0.1,-0.34902447948041576,-0.18545826589700995,0.0001999600079984003,0.0003999200159968006,True,True
c7_scale_probe:v3_1_c2_gpt_4_1_bundle_5_cluster_l2_v2__vs__v3_1_c7_gpt_4_1_bundle_5_cluster_l2_scale_9,c7_scale_probe,scale_probe,v3_1_c2_gpt_4_1_bundle_5_cluster_l2_v2,v3_1_c7_gpt_4_1_bundle_5_cluster_l2_scale_9,abstain_rate,30,-0.058333333333333334,0.0,0.21458995916564375,-0.27183626652496523,0.06666666666666667,-0.14166666666666666,0.008333333333333333,0.26374725054989,0.2877242733271527,False,False
c7_scale_probe:v3_1_c2_gpt_4_1_bundle_5_cluster_l2_v2__vs__v3_1_c7_gpt_4_1_bundle_5_cluster_l2_scale_9,c7_scale_probe,scale_probe,v3_1_c2_gpt_4_1_bundle_5_cluster_l2_v2,v3_1_c7_gpt_4_1_bundle_5_cluster_l2_scale_9,mean_expected_stage,30,2.1468981481481477,2.21875,0.6764046415095231,3.1739849439189896,1.0,1.9093900462962963,2.3810277777777773,0.0001999600079984003,0.0005998800239952009,True,True
c7_scale_probe:v3_1_c2_gpt_4_1_bundle_5_cluster_l2_v2__vs__v3_1_c7_gpt_4_1_bundle_5_cluster_l2_scale_9,c7_scale_probe,scale_probe,v3_1_c2_gpt_4_1_bundle_5_cluster_l2_v2,v3_1_c7_gpt_4_1_bundle_5_cluster_l2_scale_9,mean_subset_size,30,0.7944444444444445,0.75,0.7892759829533151,1.006548357738937,0.8666666666666667,0.5332638888888889,1.064027777777777,0.0001999600079984003,0.0005998800239952009,True,True
c7_scale_probe:v3_1_c2_gpt_4_1_bundle_5_cluster_l2_v2__vs__v3_1_c7_gpt_4_1_bundle_5_cluster_l2_scale_9,c7_scale_probe,scale_probe,v3_1_c2_gpt_4_1_bundle_5_cluster_l2_v2,v3_1_c7_gpt_4_1_bundle_5_cluster_l2_scale_9,mid_scale_mass,30,0.15324074074074073,0.125,0.2435642824200254,0.6291593300058579,0.6333333333333333,0.07453125,0.2449247685185184,0.0007998400319936012,0.001919616076784643,True,True
c7_scale_probe:v3_1_c2_gpt_4_1_bundle_5_cluster_l2_v2__vs__v3_1_c7_gpt_4_1_bundle_5_cluster_l2_scale_9,c7_scale_probe,scale_probe,v3_1_c2_gpt_4_1_bundle_5_cluster_l2_v2,v3_1_c7_gpt_4_1_bundle_5_cluster_l2_scale_9,singleton_rate,30,-0.3055555555555555,-0.25,0.3811490324397497,-0.8016695033952536,0.1,-0.4305555555555555,-0.1722222222222222,0.0001999600079984003,0.0005998800239952009,True,True
c7_scale_probe:v3_1_c2_gpt_4_1_bundle_5_cluster_l2_v2__vs__v3_1_c7_gpt_4_1_bundle_5_cluster_l2_scale_9,c7_scale_probe,scale_probe,v3_1_c2_gpt_4_1_bundle_5_cluster_l2_v2,v3_1_c7_gpt_4_1_bundle_5_cluster_l2_scale_9,stage_entropy,30,-0.04053740140491991,-0.04533855780256568,0.2482211843735436,-0.16331161059934315,0.4,-0.12292167331110442,0.045850176326082105,0.3823235352929414,0.38232353529294133,False,False
c7_scale_probe:v3_1_c2_gpt_5_2_bundle_5_cluster_l2_v2__vs__v3_1_c7_gpt_5_2_bundle_5_cluster_l2_scale_9,c7_scale_probe,scale_probe,v3_1_c2_gpt_5_2_bundle_5_cluster_l2_v2,v3_1_c7_gpt_5_2_bundle_5_cluster_l2_scale_9,abstain_rate,30,-0.06666666666666667,0.0,0.18491998891101682,-0.3605162809021503,0.16666666666666666,-0.1252083333333333,0.0,0.09918016396720655,0.13224021862294208,False,False
c7_scale_probe:v3_1_c2_gpt_5_2_bundle_5_cluster_l2_v2__vs__v3_1_c7_gpt_5_2_bundle_5_cluster_l2_scale_9,c7_scale_probe,scale_probe,v3_1_c2_gpt_5_2_bundle_5_cluster_l2_v2,v3_1_c7_gpt_5_2_bundle_5_cluster_l2_scale_9,mean_expected_stage,30,2.7134259259259257,2.75,0.5343595866098984,5.0779025845508485,1.0,2.5300231481481483,2.9106481481481477,0.0001999600079984003,0.0005998800239952009,True,True
c7_scale_probe:v3_1_c2_gpt_5_2_bundle_5_cluster_l2_v2__vs__v3_1_c7_gpt_5_2_bundle_5_cluster_l2_scale_9,c7_scale_probe,scale_probe,v3_1_c2_gpt_5_2_bundle_5_cluster_l2_v2,v3_1_c7_gpt_5_2_bundle_5_cluster_l2_scale_9,mean_subset_size,30,0.26666666666666666,0.25,0.48512351786550906,0.5496881862993802,0.6666666666666666,0.11104166666666669,0.438958333333333,0.005398920215956809,0.0092552917987831,True,True
c7_scale_probe:v3_1_c2_gpt_5_2_bundle_5_cluster_l2_v2__vs__v3_1_c7_gpt_5_2_bundle_5_cluster_l2_scale_9,c7_scale_probe,scale_probe,v3_1_c2_gpt_5_2_bundle_5_cluster_l2_v2,v3_1_c7_gpt_5_2_bundle_5_cluster_l2_scale_9,mid_scale_mass,30,0.1324074074074074,0.0,0.2071239910432235,0.6392663966183235,0.4,0.06527777777777777,0.20604166666666654,0.0013997200559888023,0.0027994401119776045,True,True
c7_scale_probe:v3_1_c2_gpt_5_2_bundle_5_cluster_l2_v2__vs__v3_1_c7_gpt_5_2_bundle_5_cluster_l2_scale_9,c7_scale_probe,scale_probe,v3_1_c2_gpt_5_2_bundle_5_cluster_l2_v2,v3_1_c7_gpt_5_2_bundle_5_cluster_l2_scale_9,singleton_rate,30,-0.20277777777777778,-0.16666666666666663,0.3869787517143756,-0.5240023564070144,0.3,-0.33888888888888885,-0.0722222222222222,0.008398320335932814,0.01259748050389922,True,True
c7_scale_probe:v3_1_c2_gpt_5_2_bundle_5_cluster_l2_v2__vs__v3_1_c7_gpt_5_2_bundle_5_cluster_l2_scale_9,c7_scale_probe,scale_probe,v3_1_c2_gpt_5_2_bundle_5_cluster_l2_v2,v3_1_c7_gpt_5_2_bundle_5_cluster_l2_scale_9,stage_entropy,30,-0.08253792421876278,-0.08253719085524808,0.3399464062218412,-0.24279687241317807,0.4,-0.19780773328324758,0.043393702412369395,0.2001599680063987,0.24019196160767847,False,False
c7_scale_probe_step:v3_1_c6_gpt_4_1_bundle_5_cluster_l2_scale_7__vs__v3_1_c7_gpt_4_1_bundle_5_cluster_l2_scale_9,c7_scale_probe_step,scale_probe_step,v3_1_c6_gpt_4_1_bundle_5_cluster_l2_scale_7,v3_1_c7_gpt_4_1_bundle_5_cluster_l2_scale_9,abstain_rate,30,0.008333333333333333,0.0,0.0799604787436865,0.10421815207042284,0.06666666666666667,-0.016666666666666666,0.041666666666666664,1.0,1.0,False,False
c7_scale_probe_step:v3_1_c6_gpt_4_1_bundle_5_cluster_l2_scale_7__vs__v3_1_c7_gpt_4_1_bundle_5_cluster_l2_scale_9,c7_scale_probe_step,scale_probe_step,v3_1_c6_gpt_4_1_bundle_5_cluster_l2_scale_7,v3_1_c7_gpt_4_1_bundle_5_cluster_l2_scale_9,mean_expected_stage,30,0.8205092592592591,0.8250000000000002,0.5709191123444859,1.437172519745973,0.9333333333333333,0.6227129629629629,1.0191377314814813,0.0001999600079984003,0.0011997600479904018,True,True
c7_scale_probe_step:v3_1_c6_gpt_4_1_bundle_5_cluster_l2_scale_7__vs__v3_1_c7_gpt_4_1_bundle_5_cluster_l2_scale_9,c7_scale_probe_step,scale_probe_step,v3_1_c6_gpt_4_1_bundle_5_cluster_l2_scale_7,v3_1_c7_gpt_4_1_bundle_5_cluster_l2_scale_9,mean_subset_size,30,0.2833333333333333,0.25,0.8178445645724902,0.3464390980961516,0.5333333333333333,-0.019444444444444434,0.5722222222222222,0.07438512297540492,0.2975404919016197,False,False
c7_scale_probe_step:v3_1_c6_gpt_4_1_bundle_5_cluster_l2_scale_7__vs__v3_1_c7_gpt_4_1_bundle_5_cluster_l2_scale_9,c7_scale_probe_step,scale_probe_step,v3_1_c6_gpt_4_1_bundle_5_cluster_l2_scale_7,v3_1_c7_gpt_4_1_bundle_5_cluster_l2_scale_9,mid_scale_mass,30,0.0016666666666666607,0.0,0.08919472649050769,0.018685708586639718,0.36666666666666664,-0.030972222222222238,0.03152777777777776,0.9288142371525695,1.0,False,False
c7_scale_probe_step:v3_1_c6_gpt_4_1_bundle_5_cluster_l2_scale_7__vs__v3_1_c7_gpt_4_1_bundle_5_cluster_l2_scale_9,c7_scale_probe_step,scale_probe_step,v3_1_c6_gpt_4_1_bundle_5_cluster_l2_scale_7,v3_1_c7_gpt_4_1_bundle_5_cluster_l2_scale_9,singleton_rate,30,-0.002777777777777777,0.0,0.29400404424634297,-0.009448093766527598,0.26666666666666666,-0.10277777777777777,0.1,1.0,1.0,False,False
c7_scale_probe_step:v3_1_c6_gpt_4_1_bundle_5_cluster_l2_scale_7__vs__v3_1_c7_gpt_4_1_bundle_5_cluster_l2_scale_9,c7_scale_probe_step,scale_probe_step,v3_1_c6_gpt_4_1_bundle_5_cluster_l2_scale_7,v3_1_c7_gpt_4_1_bundle_5_cluster_l2_scale_9,stage_entropy,30,0.0006072707186559426,-0.007875609379472959,0.1826243615825651,0.003325244854484507,0.5,-0.06648495977914386,0.06362794554406738,0.9860027994401119,1.0,False,False
c7_scale_probe_step:v3_1_c6_gpt_5_2_bundle_5_cluster_l2_scale_7__vs__v3_1_c7_gpt_5_2_bundle_5_cluster_l2_scale_9,c7_scale_probe_step,scale_probe_step,v3_1_c6_gpt_5_2_bundle_5_cluster_l2_scale_7,v3_1_c7_gpt_5_2_bundle_5_cluster_l2_scale_9,abstain_rate,30,0.008333333333333333,0.0,0.15373697496459454,0.0542051340300698,0.2,-0.05,0.058333333333333334,1.0,1.0,False,False
c7_scale_probe_step:v3_1_c6_gpt_5_2_bundle_5_cluster_l2_scale_7__vs__v3_1_c7_gpt_5_2_bundle_5_cluster_l2_scale_9,c7_scale_probe_step,scale_probe_step,v3_1_c6_gpt_5_2_bundle_5_cluster_l2_scale_7,v3_1_c7_gpt_5_2_bundle_5_cluster_l2_scale_9,mean_expected_stage,30,1.1175925925925925,1.1458333333333335,0.5777042454927905,1.9345410758393664,0.9666666666666667,0.9064699074074074,1.3139004629629631,0.0001999600079984003,0.0011997600479904018,True,True
c7_scale_probe_step:v3_1_c6_gpt_5_2_bundle_5_cluster_l2_scale_7__vs__v3_1_c7_gpt_5_2_bundle_5_cluster_l2_scale_9,c7_scale_probe_step,scale_probe_step,v3_1_c6_gpt_5_2_bundle_5_cluster_l2_scale_7,v3_1_c7_gpt_5_2_bundle_5_cluster_l2_scale_9,mean_subset_size,30,0.019444444444444448,0.0,0.4998483167112093,0.038900690058097376,0.4,-0.1583333333333333,0.188958333333333,0.8414317136572685,1.0,False,False
c7_scale_probe_step:v3_1_c6_gpt_5_2_bundle_5_cluster_l2_scale_7__vs__v3_1_c7_gpt_5_2_bundle_5_cluster_l2_scale_9,c7_scale_probe_step,scale_probe_step,v3_1_c6_gpt_5_2_bundle_5_cluster_l2_scale_7,v3_1_c7_gpt_5_2_bundle_5_cluster_l2_scale_9,mid_scale_mass,30,0.004166666666666655,0.0,0.05173012417466672,0.0805462336142459,0.13333333333333333,-0.012500000000000011,0.024999999999999984,0.9398120375924816,1.0,False,False
c7_scale_probe_step:v3_1_c6_gpt_5_2_bundle_5_cluster_l2_scale_7__vs__v3_1_c7_gpt_5_2_bundle_5_cluster_l2_scale_9,c7_scale_probe_step,scale_probe_step,v3_1_c6_gpt_5_2_bundle_5_cluster_l2_scale_7,v3_1_c7_gpt_5_2_bundle_5_cluster_l2_scale_9,singleton_rate,30,0.02499999999999999,0.0,0.4410400021822331,0.056684200699033765,0.43333333333333335,-0.13055555555555554,0.17222222222222217,0.7830433913217356,1.0,False,False
c7_scale_probe_step:v3_1_c6_gpt_5_2_bundle_5_cluster_l2_scale_7__vs__v3_1_c7_gpt_5_2_bundle_5_cluster_l2_scale_9,c7_scale_probe_step,scale_probe_step,v3_1_c6_gpt_5_2_bundle_5_cluster_l2_scale_7,v3_1_c7_gpt_5_2_bundle_5_cluster_l2_scale_9,stage_entropy,30,-0.015589266938828238,-0.06069907920720996,0.23422187720945906,-0.06655768933525849,0.4666666666666667,-0.09688819469470726,0.0691722930576909,0.7178564287142571,1.0,False,False
d1_control:v3_d1_control_gpt_4_1__vs__v3_d1_control_gpt_5_2,d1_control,model_comparison,v3_d1_control_gpt_4_1,v3_d1_control_gpt_5_2,abstain_rate,30,0.09166666666666666,0.0,0.36838026954290826,0.248837069315379,0.3,-0.03354166666666666,0.225,0.23215356928614278,1.0,False,False
d1_control:v3_d1_control_gpt_4_1__vs__v3_d1_control_gpt_5_2,d1_control,model_comparison,v3_d1_control_gpt_4_1,v3_d1_control_gpt_5_2,mean_expected_stage,4,0.0,0.0,0.0,,0.0,0.0,0.0,1.0,1.0,False,False
d1_control:v3_d1_control_gpt_4_1__vs__v3_d1_control_gpt_5_2,d1_control,model_comparison,v3_d1_control_gpt_4_1,v3_d1_control_gpt_5_2,mean_subset_size,4,0.0,0.0,0.0,,0.0,0.0,0.0,1.0,1.0,False,False
d1_control:v3_d1_control_gpt_4_1__vs__v3_d1_control_gpt_5_2,d1_control,model_comparison,v3_d1_control_gpt_4_1,v3_d1_control_gpt_5_2,mid_scale_mass,30,-0.058333333333333334,0.0,0.22440854574257832,-0.2599425665377654,0.0,-0.15833333333333333,0.0,0.4989002199560088,1.0,False,False
d1_control:v3_d1_control_gpt_4_1__vs__v3_d1_control_gpt_5_2,d1_control,model_comparison,v3_d1_control_gpt_4_1,v3_d1_control_gpt_5_2,singleton_rate,4,0.0,0.0,0.0,,0.0,0.0,0.0,1.0,1.0,False,False
d1_control:v3_d1_control_gpt_4_1__vs__v3_d1_control_gpt_5_2,d1_control,model_comparison,v3_d1_control_gpt_4_1,v3_d1_control_gpt_5_2,stage_entropy,30,-0.01352130207431888,0.0,0.07405922152945843,-0.1825741858350554,0.0,-0.04056390622295664,0.0,1.0,1.0,False,False
